0,514,613,0,0
4,515,613,0,0
8,514,613,0,0
12,517,613,0,0
16,515,614,0,0
20,515,613,-1,0
24,515,612,-1,0
28,514,611,-1,0
32,515,610,-1,1
36,514,609,-1,1
40,513,609,-1,1
44,514,611,-2,2
48,514,612,-2,2
52,515,612,-2,3
56,514,610,-3,3
60,514,610,-3,4
64,515,609,-3,4
68,514,607,-3,5
72,515,607,-4,6
76,515,610,-4,6
80,515,613,-4,7
84,516,618,-5,8
88,515,614,-5,8
92,518,604,-5,9
96,516,594,-5,10
100,517,582,-5,10
104,519,575,-6,11
108,520,568,-6,12
112,522,578,-6,12
116,524,581,-6,13
120,524,579,-7,13
124,527,578,-7,14
128,527,582,-7,14
132,530,587,-8,15
136,530,597,-9,15
140,531,603,-9,16
144,533,606,-9,16
148,532,607,-10,16
152,536,607,-11,17
156,535,609,-11,17
160,536,616,-12,17164,537,622,-13,18
168,537,628,-14,18
172,539,627,-14,18
176,539,621,-15,19
180,539,616,-16,19
184,541,610,-17,19
188,540,607,-17,19
192,541,603,-18,19
196,542,599,-19,20
200,543,598,-20,20
204,545,596,-21,20
208,544,600,-21,20
212,546,605,-23,20
216,546,609,-23,20
220,546,618,-25,20
224,548,622,-26,19
228,547,626,-27,19
232,548,631,-28,19
236,548,633,-29,19
240,549,634,-31,19
244,551,631,-32,18
248,550,629,-33,18
252,552,626,-34,18
256,552,623,-35,18
260,552,622,-37,17
264,553,623,-38,17
268,551,625,-40,17
272,553,623,-41,16
276,552,623,-42,16
280,552,625,-44,15
284,554,626,-45,15
288,553,629,-47,15
292,555,630,-48,14
296,556,627,-50,13
300,556,626,-52,13
304,557,625,-53,12
308,557,631,-55,12
312,557,642,-57,11
316,556,659,-58,10
320,554,664,-60,10
324,554,666,-62,9
328,551,673,-63,9
332,551,674,-65,8
336,548,672,-67,7
340,547,664,-69,7
344,545,660,-70,6
348,543,654,-72,6
352,542,647,-73,6
356,538,643,-75,5
360,537,640,-77,5
364,537,641,-78,5
368,536,639,-80,4
372,537,638,-81,4
376,537,633,-83,4
380,537,628,-84,4
384,537,626,-85,4
388,535,623,-87,4
392,536,622,-88,3
396,535,619,-90,3
400,534,618,-91,3
404,534,621,-93,3
408,534,626,-94,3
412,535,627,-96,3
416,536,629,-97,3
420,537,633,-99,3
424,536,632,-100,3
428,534,630,-102,3
432,535,632,-103,3
436,533,630,-105,3
440,532,627,-106,3
444,532,627,-107,3
448,530,620,-109,3
452,530,616,-110,3
456,529,616,-111,3
460,529,618,-113,3
464,528,617,-114,3
468,527,616,-115,3
472,527,622,-116,4
476,524,623,-118,4
480,524,624,-119,4
484,523,627,-120,4
488,521,628,-121,4
492,521,627,-123,4
496,520,623,-124,5
500,519,622,-125,5
504,518,622,-126,5
508,517,617,-127,6
512,517,616,-128,6
516,516,617,-129,6
520,515,617,-130,7
524,515,615,-131,7
528,513,615,-132,8
532,514,615,-133,8
536,512,613,-134,9
540,511,611,-135,9
544,511,609,-135,10
548,510,610,-136,10
552,511,606,-137,11
556,511,587,-138,11
560,512,576,-139,12
564,514,571,-139,13
568,514,570,-140,13
572,517,566,-141,13
576,517,566,-141,14
580,517,582,-142,14
584,520,590,-143,14
588,519,593,-144,15
592,520,603,-145,15
596,518,613,-146,15
600,519,621,-147,15
604,518,623,-147,15
608,515,621,-149,16
612,515,625,-149,16
616,513,623,-151,16
620,512,620,-151,16
624,512,617,-152,17
628,511,609,-153,17
632,511,602,-154,17
636,510,596,-155,17
640,510,588,-156,17
644,510,587,-157,18
648,509,590,-157,18
652,510,598,-158,18
656,509,599,-159,18
660,509,602,-160,18
664,510,613,-161,18
668,507,618,-162,18
672,507,622,-163,18
676,505,630,-164,18
680,504,635,-165,18
684,503,635,-167,18
688,502,623,-168,18
692,500,620,-169,18
696,499,618,-170,18
700,498,613,-171,18
704,498,610,-172,18
708,496,610,-173,18
712,496,612,-175,18
716,495,611,-176,18
720,495,610,-177,18
724,494,618,-178,18
728,492,623,-179,18
732,491,627,-181,18
736,491,629,-182,18
740,489,630,-183,18
744,489,632,-184,18
748,488,627,-185,18
752,488,624,-187,18
756,487,624,-188,18
760,486,624,-189,18
764,485,623,-190,18
768,484,623,-192,18
772,484,627,-193,18
776,483,627,-194,18
780,483,626,-195,18
784,483,627,-197,18
788,482,628,-198,18
792,482,627,-199,18
796,482,624,-201,18
800,482,623,-202,18
804,482,622,-203,18
808,481,619,-204,18
840,479,634,-214,18
844,479,633,-215,18
848,479,632,-216,18
852,479,630,-218,18
856,479,629,-219,18
860,478,628,-220,19
864,479,629,-221,19
868,478,625,-222,19
872,478,623,-223,19
876,476,622,-225,19
880,477,620,-225,19
884,477,619,-227,20
888,476,617,-227,20
892,476,615,-229,20
896,477,614,-229,20
900,477,609,-230,21
904,478,602,-231,21
908,477,603,-232,21
912,478,607,-233,21
916,477,609,-234,22
920,477,611,-235,22
924,477,616,-236,22
928,477,618,-237,22
932,477,619,-238,23
936,476,622,-239,23
960,476,616,-244,25
964,476,614,-245,25
968,475,612,-246,25
972,476,610,-247,26
976,475,608,-247,26
980,476,606,-248,26
984,477,605,-249,27
988,475,607,-250,27
992,476,608,-251,28
996,476,608,-251,28
1000,475,608,-252,29
1004,476,609,-253,29
1008,475,608,-253,30
1012,475,607,-254,30
1016,475,608,-255,31
1020,475,608,-255,31
1024,475,604,-256,31
1028,475,603,-256,32
1032,476,603,-257,33
1036,476,601,-258,33
1040,476,600,-258,34
1044,476,602,-259,34
1048,475,604,-259,35
1052,476,603,-260,35
1056,476,603,-261,36
1060,476,605,-261,37
1064,476,605,-262,37
1068,476,606,-262,38
1072,476,607,-263,38
1076,476,606,-263,39
1080,476,605,-264,39
1084,477,602,-265,40
1088,476,601,-265,41
1092,477,601,-266,41
1096,477,600,-266,42
1100,477,600,-267,43
1104,477,600,-267,43
1108,476,602,-268,44
1112,478,603,-268,45
1116,477,604,-269,45
1120,476,607,-269,46
1124,477,606,-270,47
1128,477,606,-271,47
1132,477,606,-271,48
1136,476,605,-271,49
1140,477,602,-272,50
1144,478,597,-272,50
1148,478,596,-273,51
1152,478,596,-273,52
1156,478,595,-274,53
1160,479,595,-274,53
1164,479,596,-275,54
1168,478,596,-275,55
1172,479,597,-276,55
1176,479,600,-276,56
1180,479,605,-277,57
1184,479,606,-277,57
1188,478,606,-278,58
1192,479,607,-278,58
1196,479,608,-279,59
1200,479,609,-279,60
1204,480,607,-280,60
1208,480,606,-281,61
1212,480,606,-281,61
1216,479,604,-282,62
1220,480,604,-282,63
1224,480,604,-283,63
1228,479,604,-283,64
1232,480,606,-284,65
1236,480,607,-285,65
1240,479,609,-285,66
1244,480,608,-286,66
1248,480,608,-287,67
1252,480,609,-287,67
1256,479,610,-288,68
1260,480,611,-289,69
1264,481,611,-289,69
1268,479,611,-290,70
1272,480,610,-291,70
1276,480,612,-291,71
1280,480,612,-292,71
1284,480,613,-293,72
1288,479,614,-294,72
1292,480,615,-295,73
1296,479,615,-295,73
1300,479,616,-296,74
1304,479,617,-297,74
1308,479,618,-298,75
1312,479,618,-299,75
1316,478,620,-299,75
1320,479,620,-300,76
1324,479,620,-301,76
1328,478,621,-302,77
1332,479,621,-303,77
1336,478,622,-303,78
1340,478,622,-304,78
1344,479,621,-305,78
1348,478,624,-306,79
1352,479,623,-307,79
1356,477,622,-307,80
1360,477,623,-308,80
1364,478,623,-309,81
1368,477,621,-310,81
1372,477,618,-311,81
1376,476,618,-311,82
1380,476,617,-312,82
1384,477,615,-313,83
1388,476,613,-314,83
1392,477,613,-315,83
1396,476,617,-316,84
1400,477,617,-317,84
1404,477,616,-317,85
1408,476,620,-318,85
1412,477,623,-319,85
1416,475,625,-320,86
1420,476,626,-321,86
1424,476,628,-322,86
1428,475,629,-323,87
1432,475,628,-324,87
1436,474,626,-325,88
1440,475,625,-325,88
1444,475,624,-326,88
1448,475,622,-327,89
1452,475,621,-328,89
1456,474,618,-329,90
1492,473,623,-335,94
1496,472,622,-336,94
1500,473,621,-337,95
1504,474,619,-338,95
1508,472,618,-338,96
1512,472,616,-339,96
1516,472,612,-340,97
1520,472,613,-341,97
1524,473,614,-341,98
1528,471,612,-342,99
1532,473,612,-343,99
1536,471,613,-343,100
1540,471,617,-344,100
1544,472,619,-345,101
1548,471,621,-345,102
1552,471,619,-346,102
1556,470,618,-347,103
1560,470,617,-347,103
1564,471,614,-348,104
1568,471,612,-349,105
1572,471,611,-349,105
1576,470,608,-350,106
1580,471,606,-350,107
1584,472,603,-351,107
1588,470,603,-351,108
1592,472,605,-352,109
1596,471,608,-352,109
1600,470,609,-353,110
1604,471,608,-353,111
1608,470,609,-354,112
1612,471,611,-355,112
1644,472,604,-359,119
1648,470,607,-359,119
1652,471,608,-360,120
1656,471,607,-360,121
1660,471,606,-361,122
1664,471,607,-361,122
1668,469,609,-362,123
1672,471,607,-363,124
1676,470,606,-363,125
1680,470,607,-364,126
1684,471,610,-364,126
1688,471,610,-365,127
1692,471,607,-365,128
1696,471,608,-366,129
1700,471,610,-366,129
1704,471,611,-367,130
1708,470,606,-367,131
1712,471,606,-368,132
1716,471,607,-368,132
1720,471,608,-369,133
1724,471,607,-369,134
1728,471,606,-370,135
1732,472,610,-370,135
1736,471,610,-371,136
1740,471,609,-371,137
1744,472,608,-372,137
1748,471,609,-373,138
1752,472,611,-373,139
1788,472,613,-378,145
1792,472,615,-379,146
1796,472,616,-379,147
1800,472,616,-380,147
1804,473,614,-381,148
1808,472,614,-381,149
1812,474,614,-382,149
1816,472,613,-383,150
1820,472,611,-383,151
1824,473,610,-384,151
1828,472,613,-384,152
1832,473,615,-385,152
1836,472,614,-386,153
1840,472,614,-386,154
1844,472,617,-387,154
1848,472,621,-388,155
1852,472,623,-388,155
1856,471,623,-389,156
1860,471,624,-390,157
1864,472,623,-391,157
1868,471,622,-391,158
1904,471,618,-397,163
1908,470,618,-397,164
1912,471,620,-398,165
1916,471,618,-399,165
1920,470,616,-399,166
1924,471,615,-400,167
1928,471,615,-401,167
1932,471,614,-401,168
1936,471,613,-402,169
1940,471,615,-403,169
1944,473,617,-403,170
1948,470,614,-404,171
1952,472,615,-404,171
1956,471,617,-405,172
1960,470,620,-405,172
1964,471,619,-406,173
1968,470,619,-407,174
1972,471,616,-407,174
1976,471,615,-408,175
1980,471,615,-409,176
2016,471,621,-414,181
2020,471,622,-415,182
2024,471,620,-415,182
2028,471,618,-416,183
2032,471,615,-416,184
2036,470,616,-417,184
2040,471,615,-417,185
2044,471,614,-418,186
2048,470,613,-419,186
2052,471,615,-419,187
2056,470,617,-420,188
2060,470,619,-420,188
2064,472,621,-421,189
2068,470,623,-421,190
2072,471,623,-422,190
2076,471,624,-422,191
2080,470,623,-423,192
2084,470,619,-423,193
2088,470,617,-424,193
2092,471,616,-424,194
2096,471,613,-425,195
2100,471,607,-425,195
2104,471,607,-425,196
2108,470,609,-426,197
2112,471,609,-426,198
2116,472,608,-427,199
2120,471,610,-427,199
2124,472,613,-427,200
2164,473,604,-431,208
2168,471,606,-431,209
2172,472,610,-431,209
2176,472,609,-432,210
2180,472,606,-432,211
2184,474,607,-432,212
2188,471,613,-433,213
2192,472,612,-433,213
2196,471,609,-433,214
2200,472,612,-434,215
2204,473,614,-434,216
2208,472,614,-434,217
2212,473,608,-435,217
2216,472,609,-435,218
2220,472,610,-435,219
2224,473,607,-435,220
2228,473,606,-436,221
2232,474,606,-436,222
2236,474,610,-436,222
2240,474,610,-437,223
2244,474,610,-437,224
2248,473,610,-437,225
2252,474,611,-437,226
2256,473,613,-438,226
2260,474,612,-438,227
2264,474,610,-438,228
2268,473,609,-439,229
2296,475,609,-441,235
2300,475,610,-441,235
2304,475,611,-441,236
2308,474,614,-441,237
2312,475,613,-442,238
2316,475,613,-442,239
2320,475,615,-442,239
2324,475,615,-443,240
2328,474,614,-443,241
2332,474,610,-443,242
2336,474,610,-443,243
2340,475,611,-444,243
2344,476,610,-444,244
2348,475,609,-444,245
2352,475,610,-445,246
2356,475,612,-445,246
2360,475,612,-445,247
2364,475,614,-446,248
2368,474,615,-446,249
2372,476,616,-446,249
2376,474,616,-447,250
2380,474,614,-447,251
2384,474,613,-447,252
2388,474,613,-447,252
2392,475,614,-448,253
2396,474,613,-448,254
2400,475,611,-448,255
2404,476,613,-449,255
2408,474,614,-449,256
2412,475,614,-449,257
2416,475,611,-449,258
2420,475,612,-450,258
2424,476,615,-450,259
2428,475,614,-451,260
2432,476,612,-451,261
2436,475,612,-451,261
2440,475,616,-451,262
2444,476,616,-452,263
2448,475,616,-452,264
2452,476,612,-453,264
2456,475,612,-453,265
2460,475,614,-453,266
2464,476,613,-453,267
2468,475,613,-454,267
2472,476,613,-454,268
2476,476,616,-455,269
2480,476,617,-455,269
2484,476,618,-455,270
2488,475,618,-455,271
2492,477,619,-456,271
2496,476,621,-456,272
2500,476,622,-457,273
2504,475,620,-457,274
2540,476,616,-460,280
2544,476,616,-461,281
2548,475,620,-461,281
2552,476,620,-461,282
2556,475,621,-461,283
2560,475,620,-462,284
2564,476,620,-462,284
2568,475,620,-463,285
2572,475,619,-463,286
2576,474,618,-463,287
2608,475,614,-465,293
2612,476,614,-466,294
2616,476,613,-466,295
2620,476,613,-466,296
2624,476,615,-466,296
2628,476,616,-467,297
2632,476,611,-467,298
2636,475,610,-467,299
2640,476,612,-467,299
2644,477,616,-468,300
2648,476,612,-468,301
2676,475,619,-470,307
2680,476,617,-470,308
2684,477,616,-470,308
2688,476,618,-470,309
2692,476,620,-471,310
2696,476,615,-471,311
2700,476,611,-471,312
2704,476,610,-471,313
2728,476,611,-472,318
2732,477,610,-473,318
2736,476,615,-473,319
2740,475,618,-473,320
2744,475,614,-473,321
2748,475,611,-473,322
2752,476,613,-474,323
2756,476,612,-474,323
2760,475,610,-474,324
2764,476,608,-474,325
2768,475,610,-474,326
2772,476,611,-475,327
2776,476,611,-475,327
2780,475,611,-475,328
2820,473,620,-477,336
2824,474,618,-477,337
2828,473,614,-478,338
2832,474,614,-478,339
2836,474,618,-478,339
2840,475,616,-478,340
2844,474,613,-478,341
2848,472,613,-479,342
2852,473,616,-479,343
2856,472,617,-479,343
2860,472,613,-479,344
2864,472,614,-479,345
2868,472,616,-479,346
2872,472,616,-480,347
2876,472,614,-480,347
2892,473,614,-481,351
2896,472,611,-481,352
2900,471,613,-481,352
2904,472,616,-481,353
2908,470,614,-481,354
2912,472,611,-481,355
2916,471,610,-481,356
2920,471,613,-482,357
2924,471,613,-482,358
2928,472,610,-482,358
2932,472,613,-482,359
2964,471,614,-483,366
2968,470,618,-483,367
2972,471,614,-483,368
2976,470,611,-484,369
2980,471,617,-484,369
2984,471,618,-484,370
2988,472,615,-484,371
2992,471,612,-484,372
2996,470,614,-484,373
3000,471,614,-484,374
3032,472,608,-485,381
3036,470,605,-485,382
3040,471,601,-485,383
3044,471,604,-485,384
3048,471,608,-485,385
3052,471,607,-485,386
3056,471,609,-485,387
3060,473,614,-485,388
3064,472,618,-485,388
3068,471,616,-485,389
3072,472,617,-485,390
3076,472,617,-485,391
3080,472,613,-485,392
3108,472,603,-486,399
3112,473,608,-486,400
3116,472,610,-486,401
3120,474,611,-486,402
3124,473,617,-486,403
3128,472,621,-486,404
3132,472,621,-487,405
3136,472,619,-487,406
3140,472,621,-487,407
3144,473,622,-487,408
3148,471,612,-487,409
3152,472,608,-487,410
3188,472,614,-488,418
3192,474,616,-488,419
3196,473,620,-488,420
3200,473,623,-488,421
3204,474,623,-488,422
3208,472,619,-489,423
3212,473,618,-489,424
3216,472,618,-489,425
3220,472,615,-489,426
3252,472,615,-491,433
3256,473,617,-491,434
3260,472,617,-491,435
3264,473,617,-491,436
3268,472,622,-491,437
3272,473,622,-492,438
3276,472,620,-492,439
3280,472,619,-492,440
3284,473,621,-492,441
3288,471,620,-493,442
3308,472,607,-493,447
3312,473,607,-493,448
3316,473,612,-494,449
3320,473,610,-494,450
3324,473,609,-494,451
3328,472,613,-494,451
3332,473,613,-495,452
3336,472,614,-495,453
3340,472,620,-495,454
3344,472,623,-495,455
3348,472,624,-496,456
3388,471,609,-497,466
3392,473,608,-497,467
3396,472,608,-497,468
3400,472,605,-498,469
3404,473,604,-498,470
3408,473,607,-498,471
3412,473,611,-498,472
3444,473,618,-499,480
3448,472,618,-499,481
3452,474,617,-499,482
3456,473,615,-499,483
3460,473,611,-499,484
3464,473,612,-499,485
3468,472,613,-500,486
3472,474,611,-500,487
3512,474,617,-501,497
3516,473,618,-501,499
3520,473,618,-501,500
3524,473,618,-501,501
3528,473,616,-501,502
3532,473,610,-501,503
3536,472,611,-501,504
3540,473,611,-501,505
3544,474,606,-501,506
3548,473,605,-501,507
3552,474,607,-501,508
3556,474,605,-501,509
3560,474,605,-501,511
3564,475,606,-501,512
3568,473,607,-501,513
3572,475,606,-501,514
3616,475,610,-502,526
3620,475,609,-502,527
3624,476,608,-502,528
3628,474,606,-502,529
3632,476,611,-502,530
3636,474,615,-502,531
3640,474,615,-502,532
3644,475,615,-502,533
3648,474,617,-502,534
3652,474,623,-502,535
3656,473,620,-502,536
3660,474,616,-503,537
3664,475,614,-503,538
3696,472,615,-503,546
3700,473,621,-503,547
3704,473,624,-503,548
3708,472,626,-503,549
3712,473,626,-504,550
3716,472,627,-504,551
3720,472,629,-504,553
3724,474,623,-504,553
3760,472,610,-504,563
3764,472,611,-504,564
3768,471,616,-504,565
3772,472,615,-504,566
3776,471,615,-504,567
3780,473,616,-504,568
3784,473,620,-504,569
3788,471,618,-504,570
3792,473,617,-504,572
3796,472,616,-504,573
3800,471,616,-504,574
3840,471,615,-504,585
3844,472,615,-504,586
3848,470,616,-504,587
3852,471,616,-504,589
3856,471,613,-504,590
3860,471,614,-504,591
3864,471,614,-504,592
3868,470,612,-504,593
3872,472,612,-504,595
3876,470,613,-504,596
3880,470,613,-504,597
3884,471,614,-504,598
3888,471,615,-504,599
3892,471,615,-504,601
3896,470,614,-504,602
3900,471,614,-504,603
3904,472,612,-504,604
3908,471,613,-504,606
3912,473,614,-504,607
3948,471,616,-504,618
3952,472,611,-504,619
3956,471,610,-504,621
3960,472,613,-504,622
3964,473,613,-504,623
3968,472,611,-504,625
3972,473,613,-504,626
3976,472,610,-504,627
3980,472,609,-504,628
3984,473,610,-504,630
3988,471,613,-504,631
3992,473,612,-504,632
3996,472,611,-504,633
4000,471,614,-504,635
4004,472,614,-504,636
4008,471,612,-504,637
4012,472,614,-504,639
4016,471,616,-504,640
4020,471,616,-504,641
4024,472,618,-504,642
4028,470,620,-504,644
4032,472,620,-504,645
4036,471,618,-504,647
4040,471,617,-504,648
4044,471,616,-504,649
4048,469,611,-504,651
4052,471,610,-504,652
4056,470,611,-504,654
4060,470,610,-503,655
4064,470,609,-503,656
4068,470,606,-503,658
4072,470,609,-503,659
4076,469,611,-503,660
4080,470,612,-503,661
4108,469,615,-502,672
4112,471,613,-502,673
4116,469,614,-502,675
4120,470,613,-502,676
4124,470,611,-502,677
4128,470,610,-501,679
4132,470,611,-501,680
4136,469,612,-501,682
4140,469,612,-501,683
4144,470,605,-501,685
4148,469,604,-500,686
4152,471,606,-500,688
4156,471,606,-500,689
4160,471,605,-499,691
4164,472,607,-499,692
4168,470,610,-499,694
4172,472,607,-499,695
4176,472,605,-499,697
4180,471,612,-498,698
4184,473,616,-498,700
4188,472,615,-498,701
4192,473,608,-497,703
4196,472,607,-497,704
4200,473,607,-497,706
4204,473,598,-497,707
4208,472,592,-496,709
4212,474,589,-496,710
4216,474,589,-496,712
4220,475,590,-496,713
4224,475,590,-495,715
4228,474,596,-495,716
4232,477,601,-495,718
4236,475,604,-495,719
4240,475,602,-495,721
4244,476,607,-495,722
4248,475,612,-495,724
4252,476,610,-495,725
4256,476,611,-495,726
4260,476,614,-495,727
4264,477,621,-495,729
4268,476,619,-495,730
4272,478,617,-495,731
4276,478,619,-495,733
4280,478,621,-495,734
4284,478,621,-495,735
4328,479,617,-496,749
4332,480,616,-496,750
4336,480,619,-496,751
4340,480,619,-496,752
4344,482,617,-496,754
4348,479,614,-496,755
4352,481,615,-496,756
4356,480,617,-496,757
4360,480,619,-496,758
4364,480,619,-497,759
4368,479,620,-497,761
4372,480,621,-497,762
4376,479,621,-497,763
4412,484,616,-499,773
4416,484,616,-499,774
4420,485,618,-499,775
4424,488,618,-500,776
4428,490,619,-500,777
4432,493,622,-500,778
4436,496,622,-501,779
4440,498,621,-501,780
4444,501,621,-501,781
4448,504,620,-501,782
4452,507,621,-502,783
4456,509,631,-502,784
4460,512,634,-502,785
4464,514,636,-503,784468,514,641,-503,787
4472,517,641,-503,788
4476,518,640,-503,789
4480,519,637,-503,790
4484,524,635,-503,791
4488,526,631,-504,792
4492,530,623,-504,793
4496,537,620,-504,795
4500,541,618,-504,796
4504,546,609,-504,797
4508,556,610,-504,798
4512,562,612,-504,7994516,567,613,-504,804520,577,4524,54528,585,623,-504,804
4532,595,625,-504,806
4536,598,623,-504,807
4540,603,617,-504,808
4544,612,617,-504,804544552,622,609,-503,812
4556,629,606,-503,813
4560,632,607,-503,8144564,636,6154568,641,617,-504572,644,620,-501,817
4576,645,634,-500,817
4580,648,636,-499,818
4584,649,636,-498,819
4588,648,640,-494592,651,643,-496,8204596,651,645,-4954600,652,647,-494604,655,638,-493,824608,655,626,-492,824
4612,6574616,657,569,-490,8264620,659,555,4624,660,546,-487,8274628,6594632,661,542,-485,829
4636,659,558,-483,830
4640,659,567,-482,831
4644,660,577,-481,831
4648,658,588,-480,831
4652,659,587,-479,832
4656,658,586,-478,832
4660,658,590,-477,832
4664,657,592,-475,832
4668,657,596,-475,832
4672,657,613,-473,832
4676,656,615,-473,832
4680,656,615,-471,832
4684,657,615,-471,832
4688,655,617,-469,832
4692,656,623,-469,832
4696,655,636,-467,831
4700,655,639,-467,831
4704,655,642,-465,831
4708,654,645,-464,831
4712,655,645,-463,831
4716,654,646,-462,830
4720,654,664,-461,830
4724,654,667,-460,830
4728,654,660,-459,830
4732,654,636,-457,830
4736,653,628,-456,831
4740,654,618,-455,831
4744,653,596,-453,831
4748,652,588,-452,831
4752,652,586,-451,831
4756,652,591,-450,831
4760,652,592,-449,832
4764,652,594,-447,832
4768,651,604,-446,832
4772,652,610,-445,832
4776,651,615,-443,832
4780,651,622,-442,832
4784,651,619,-441,832
4788,651,614,-440,832
4792,650,618,-438,832
4796,649,620,-437,832
4800,649,619,-435,832
4804,650,627,-434,832
4808,649,632,-433,832
4812,649,633,-431,832
4816,650,627,-430,832
4820,649,624,-428,832
4824,651,622,-427,832
4828,649,614,-425,8324832,650,608,-424,832
4836,650,602,-423,832
4840,649,599,-421,832
4844,649,599,-420,832
4848,649,597,-418,833
4852,649,594,-417,833
4856,648,598,-415,833
4860,649,603,-414,833
4864,650,609,-412,833
4868,649,607,-411,833
4872,650,607,-409,833
4876,649,612,-408,833
4880,649,611,-407,833
4884,649,608,-405,833
4888,648,610,-403,833
4892,649,614,-402,833
4896,648,618,-401,833
4900,648,621,-399,833
4904,648,623,-398,833
4908,648,628,-396,833
4912,648,628,-395,833
4916,648,625,-393,833
4920,648,624,-392,833
4924,649,613,-390,833
4928,649,605,-389,833
4932,649,596,-387,834
4936,649,592,-385,834
4940,649,594,-384,834
4944,650,597,-382,834
4948,649,603,-381,834
4952,651,606,-379,834
4956,649,607,-378,834
4960,650,610,-377,834
4964,650,614,-375,835
4968,650,615,-374,835
4972,650,614,-372,835
4976,649,613,-371,835
4980,649,612,-369,835
4984,651,612,-367,835
4988,649,615,-366,835
4992,650,618,-364,835
4996,650,619,-363,835
5000,649,618,-361,835
5004,650,616,-359,835
5008,649,608,-358,835
5012,650,604,-356,835
5016,649,603,-355,835
5020,649,605,-353,835
5024,649,606,-352,835
5028,649,606,-350,836
5032,650,606,-349,836
5036,649,607,-347,836
5040,649,609,-346,836
5044,650,613,-344,836
5048,649,613,-343,836
5052,650,614,-341,836
5056,650,612,-339,836
5060,650,611,-338,836
5064,650,611,-336,836
5068,649,612,-335,836
5072,651,612,-333,836
5076,650,611,-332,836
5080,650,607,-330,836
5084,651,605,-329,836
5088,650,605,-327,836
5092,651,606,-326,836
5096,650,607,-324,836
5136,649,614,-310,835
5140,649,617,-308,835
5144,650,618,-307,835
5148,650,617,-305,835
5152,650,615,-304,835
5156,649,616,-303,835
5160,649,617,-301,835
5164,650,617,-300,835
5168,649,616,-299,835
5172,651,613,-297,835
5176,650,610,-296,835
5180,650,612,-294,835
5184,651,613,-293,835
5216,650,624,-282,835
5220,651,622,-280,835
5224,652,618,-279,835
5228,650,616,-277,835
5232,652,616,-276,835
5236,651,617,-275,835
5240,651,615,-273,835
5244,652,613,-272,835
5248,650,612,-270,835
5252,652,612,-269,836
5256,651,611,-267,836
5260,652,612,-266,836
5264,652,615,-265,836
5268,652,617,-263,836
5272,653,614,-261,836
5276,652,612,-260,836
5280,653,613,-259,836
5284,654,617,-257,836
5288,652,618,-256,836
5292,654,620,-254,836
5296,653,620,-253,836
5300,655,619,-251,836
5304,654,619,-250,836
5308,653,620,-248,837
5312,654,619,-247,837
5316,652,616,-245,837
5320,653,606,-243,837
5324,653,603,-241,837
5372,655,622,-223,838
5376,654,619,-221,838
5380,654,618,-220,838
5384,654,619,-218,838
5388,654,618,-216,838
5392,654,614,-215,838
5396,653,611,-213,838
5400,655,607,-211,838
5404,655,601,-210,839
5408,653,602,-208,839
5412,655,602,-207,839
5416,654,598,-205,839
5440,654,615,-195,840
5444,655,618,-193,840
5448,654,620,-191,840
5452,655,622,-190,840
5456,654,623,-188,840
5460,655,622,-187,840
5464,656,613,-185,841
5468,654,609,-183,841
5472,656,606,-181,841
5476,655,598,-180,841
5480,655,597,-178,841
5484,656,597,-176,842
5488,654,595,-175,842
5492,656,595,-173,842
5528,655,621,-158,843
5532,656,620,-156,843
5536,654,609,-155,843
5540,654,604,-153,843
5544,655,600,-151,844
5548,653,595,-149,844
5552,654,593,-148,844
5556,653,594,-146,844
5560,653,597,-144,844
5564,653,600,-143,844
5568,653,604,-141,844
5572,654,611,-139,844
5576,652,612,-138,845
5580,653,616,-136,845
5584,653,622,-135,845
5616,651,606,-121,845
5620,651,606,-120,845
5624,652,606,-118,845
5628,652,606,-117,845
5632,652,605,-115,845
5636,652,608,-113,85640,652,610,-1125644,653,612,-5648,652,614,-5652,653,615,-15656,653,617,5660,652,619,-104,844
5664,654,620,-103,844
5668,652,622,-101,844
5672,654,621,-99,844
5676,652,621,-98,844
5680,653,619,-96,844
5684,653,617,-95688,653,617,-95692,654,618,-92,844
5696,652,619,-90,844
5700,653,619,-89,844
5704,654,616,-85708,653,614,5712,654,6135716,653,616,-5720,654,616,5724,655,6165728,653,614,5732,654,616,5736,653,618,-75,845
5740,653,619,-73,845
5744,654,620,-72,845
5748,653,620,-70,845
5752,654,619,-69,845
5756,653,618,-67,845
5760,654,618,-65,845
5764,655,6165768,654,616,5772,655,615776,654,615780,655,615784,656,6095788,654,607,-545792,656,608,5796,654,609,-5800,655,65804,655,65808,655,615812,656,618,-44,846
5816,655,618,-42,846
5820,655,618,-40,847
5824,656,618,-39,847
5828,655,618,-37,847
5832,65836,6565840,6565844,655848,655,605,-25852,657,602,-27,85856,655,603,-25,845860,656,602,-23,845864,656,602,-22,845868,655,605,-20,5872,656,608,5876,655,65880,655884,655,618,-13,849
5888,653,619,-11,849
5892,654,620,-10,849
5896,652,624,-8,849
5900,652,623,-6,849
5904,652,619,-5,850
5908,650,610,-3,850
5912,651,606,-1,850
5916,648,605,1,850
5920,648,602,3,850
5924,648,600,4,851
5928,646,599,6,851
5932,647,601,8,851
5936,645,605,10,851
5940,646,608,11,852
5944,647,610,13,852
5948,644,611,15,852
5952,646,615,17,852
5956,645,619,18,852
5960,644,620,20,853
5964,645,620,22,853
5968,641,618,24,853
5972,643,615,26,855976,639,610,27,854
5980,638,601,29,854
5984,637,600,31,854
5988,631,599,33,855
5992,625,597,35,855
5996,598,594,37,855
6000,586004,578,601,40,856
6008,558,605,42,6012,552,606,43,8576016,5436020,527,615,466024,522,615,48,859
6028,514,6076032,505,604,50,860
6036,499,603,51,861
6040,495,594,52,862
6044,489,588,53,863
6048,485,584,54,864
6052,483,578,55,865
6056,479,576,56,866
6060,479,576,57,867
6064,479,580,57,868
6068,477,584,58,869
6072,478,591,59,870
6076,477,616,59,870
6080,477,629,59,871
6084,477,637,60,872
6088,476,655,60,873
6092,477,665,60,874
6096,475,672,60,875
6100,475,671,61,876
6104,474,667,61,877
6108,472,663,61,878
6112,473,652,62,879
6116,472,645,62,880
6120,473,636,63,881
6124,473,627,63,883
6128,472,626,64,884
6132,473,625,64,885
6136,473,619,65,887
6140,472,620,66,888
6144,473,626,66,890
6148,471,633,67,891
6152,472,629,68,893
6156,471,625,68,894
6160,471,613,69,896
6164,471,605,70,897
6168,471,598,71,899
6172,472,577,71,901
6176,471,574,72,902
6180,471,579,73,904
6184,473,587,73,906
6188,473,585,74,907
6192,473,584,75,909
6196,474,592,75,911
6200,474,598,76,913
6204,475,603,77,914
6208,474,612,77,916
6212,475,613,77,917
6216,473,609,78,919
6220,474,605,79,921
6224,474,610,79,922
6228,473,611,79,924
6232,474,605,80,925
6236,473,602,81,927
6240,473,602,81,929
6244,475,605,81,931
6248,473,605,82,932
6252,474,606,82,934
6256,474,616,83,936
6260,473,619,83,937
6264,473,619,84,939
6268,472,624,84,941
6272,475,628,85,943
6276,472,629,85,945
6280,472,624,85,946
6284,472,619,86,948
6288,472,610,87,950
6292,473,595,87,952
6296,471,593,88,954
6300,472,589,88,956
6304,474,580,89,958
6308,473,579,89,959
6312,474,581,90,961
6316,474,586,91,963
6320,475,588,91,965
6324,475,591,91,967
6328,474,604,92,968
6332,476,607,92,970
6336,475,608,93,972
6340,475,608,93,973
6344,475,611,93,975
6348,474,614,93,977
6352,475,619,94,979
6356,474,618,94,980
6360,475,615,94,982
6364,476,611,95,984
6368,474,611,95,986
6372,475,614,95,987
6376,475,611,96,989
6380,475,608,96,991
6412,474,619,98,1004
6416,472,621,99,1006
6420,472,622,99,1007
6424,474,614,99,1009
6428,473,610,99,1011
6432,474,608,100,1013
6436,474,601,100,1014
6440,474,598,100,1016
6476,474,616,101,1030
6480,474,621,101,1032
6484,475,625,101,1033
6488,474,629,101,1034
6492,475,633,101,1036
6496,474,636,101,1037
6500,474,636,101,1039
6504,475,635,101,1040
6544,474,627,100,1053
6548,473,628,100,1054
6552,474,628,100,1055
6556,474,632,100,1057
6560,474,634,100,1058
6564,474,635,100,1059
6568,472,632,100,1060
6572,474,629,100,1061
6576,472,628,100,1063
6580,472,625,100,1064
6584,472,624,100,1065
6604,472,622,100,1071
6608,471,625,100,1073
6612,472,625,100,1074
6616,471,625,100,1075
6620,471,625,100,1076
6624,474,625,100,1078
6628,470,623,100,1079
6632,472,623,100,1080
6636,470,624,100,1081
6640,470,623,100,1083
6644,472,624,100,1084
6648,470,625,100,1085
6652,471,622,100,1087
6700,469,619,101,1103
6704,470,618,101,1105
6708,469,616,102,1106
6712,470,615,102,1108
6716,470,616,102,1109
6720,470,617,103,1111
6724,472,620,103,1112
6728,469,620,103,1114
6732,471,619,104,1115
6736,470,617,104,1117
6740,470,619,105,1119
6764,470,587,108,1129
6768,470,586,108,1131
6772,471,585,109,1133
6776,471,582,109,1135
6780,471,580,110,1137
6784,473,581,111,1139
6788,471,584,111,1140
6792,473,586,112,1142
6796,472,589,112,1144
6800,473,590,113,1146
6804,474,590,113,1147
6808,472,590,113,1149
6812,474,589,114,1151
6816,473,589,115,1153
6820,473,596,115,1155
6824,473,599,115,1157
6868,478,604,119,1176
6872,481,605,119,1177
6876,480,607,119,1179
6880,482,609,119,1181
6884,484,609,119,1183
6888,485,611,120,1184
6892,487,620,120,1186
6896,488,622,120,1187
6900,490,621,120,1189
6904,492,619,121,1191
6908,493,620,121,1193
6912,496,619,121,1194
6916,496,66920,500,610,16924,503,608,16928,504,603,1226932,511,601,122,126936,513,597,123,1205
69406944,524,589,16948,527,590,123,126952,531,597,123,1212
6956,538,599,123,1216960,542,599,123,1215
6964,547,603,123,1217
6968,554,606,123,6972,558,606,16976,566980,568,612,123,126984,572,615,123,16988,573,615,123,12266992,581,6996,583,620,123,1229
7000,586,624,123,1230
7004,593,622,123,1231
7008,595,618,123,1233
7012,600,615,123,12347016,605,6147020,67024,614,7028,618,613,122,1239
7032,622,613,122,1240
7036,624,609,122,1241
7040,629,611,123,1242
7044,631,618,123,1243
7048,631,631,123,1243
7052,635,636,123,1244
7056,634,639,123,12447060,636,639,124,7064,638,639,127068,638,640,17072,639,650,125,127076,639,654,127080,640,7084,67088,643,7092,646,650,17096,646,639,7100,650,630,131,1247
7104,653,622,131,1247
7108,654,618,133,1248
7116,665,607,1357120,668,606,135,7124,674,6077128,676,603,138,1249
7132,679,599,139,1249
7136,681,609,7140,687144,685,605,143,17148,685,604,144,17152,687,7156,686,626,146,1249
7160,687,630,147,127164,687,634,17168,685,647172,687176,685,636,157180,684,621,153,1248
7184,683,67188,681,615,7192,680,602,157,1248
7196,676,599,158,1248
7200,674,601,159,12487204,672,609,7208,666,611,1627212,665,615,1637216,663,627,164,1248
7220,658,629,166,1248
7224,656,627,167,1248
7228,653,621,168,1248
7232,650,619,170,1248
7236,647,618,171,1248
7240,67244,642,67248,640,6127252,639,610,17256,635,610,178,1247260,635,610,179,127264,635,613,17268,631,614,182,7272,632,615,183,1247276,630,615,185,1247280,629,614,186,1249
7284,628,614,187,1249
7288,624,611,189,1249
7292,623,609,190,1249
7296,617,7300,613,611,7304,602,613,195,1247308,595,613,196,1249
7312,5897316,575,615,199,7320,569,615,200,1249
7324,7328,550,614,203,127332,545,614,204,1250
7336,537,7340,525,605,206,1251
7344,519,600,207,1251
7348,512,604,2077352,503,609,207356,498,607,209,1253
7360,493,595,210,1254
7364,487,595,210,1255
7368,483,593,211,1255
7372,481,592,211,1256
7376,476,597,212,1257
7380,475,603,212,1258
7384,475,608,213,1259
7388,472,610,213,1259
7392,472,614,213,1260
7396,471,622,213,1261
7400,470,624,213,1262
7404,470,629,213,1262
7408,469,635,213,1263
7412,470,633,213,1264
7416,469,627,213,1265
7420,469,630,213,1266
7424,469,635,213,1267
7428,468,636,213,1268
7432,469,639,213,1268
7436,468,644,213,1269
7440,469,645,213,1270
7444,469,639,213,1271
7448,468,639,213,1272
7452,469,641,213,1273
7456,468,638,213,1275
7460,468,633,213,1276
7464,468,631,213,1277
7468,466,633,214,1278
7472,469,628,214,1279
7476,467,623,214,1281
7480,467,624,214,1282
7484,467,621,215,1283
7488,466,614,215,1285
7492,467,615,215,1286
7496,466,620,216,1287
7500,466,623,216,1289
7516,466,619,219,1295
7520,466,617,219,1297
7524,466,620,220,1299
7528,465,623,221,1300
7532,466,615,221,1302
7536,465,605,222,1303
7540,465,587,223,1305
7544,466,582,224,1307
7548,465,580,224,1308
7552,467,572,225,1310
7556,466,573,226,1312
7560,466,575,227,1314
7564,468,583,227,1316
7568,466,585,228,1317
7572,467,587,229,1319
7576,467,593,230,1321
7580,466,595,230,1323
7584,468,595,231,1324
7588,466,586,231,1326
7592,467,582,232,1328
7596,466,581,233,1330
7600,466,585,233,1331
7604,467,589,234,1333
7608,466,591,235,1335
7648,465,596,240,1353
7652,468,592,241,1355
7656,466,586,241,1356
7660,466,577,242,1358
7664,468,578,243,1360
7668,467,578,243,1362
7672,468,580,243,1364
7676,467,587,244,1366
7680,469,594,244,1367
7684,470,604,245,1369
7688,469,606,245,1371
7732,471,598,247,1388
7736,471,607,247,1390
7740,471,613,247,1391
7744,472,617,247,1393
7748,471,620,247,1394
7752,473,626,247,1395
7756,472,634,247,1397
7760,472,631,247,1398
7788,472,608,246,1407
7792,473,609,246,1408
7796,472,611,246,1409
7800,473,614,246,1410
7804,474,620,246,1412
7808,472,622,245,1413
7812,473,625,245,1414
7816,472,633,245,1415
7820,472,634,245,1416
7824,473,636,244,1417
7828,471,640,244,1418
7832,473,637,244,1419
7836,471,633,243,1420
7872,471,640,241,1429
7876,471,644,241,1430
7880,470,646,241,1431
7884,470,646,241,1432
7888,468,638,241,1433
7892,470,635,241,1434
7896,468,635,241,1435
7900,468,634,241,1436
7904,468,629,241,1437
7908,468,622,241,1438
7932,469,621,241,1445
7936,469,622,241,1446
7940,469,621,241,1447
7944,469,624,241,1449
7948,468,628,241,1450
7952,470,627,241,1451
7956,468,626,241,1452
7960,467,634,241,1453
7964,467,633,241,1454
8012,469,619,244,1471
8016,468,618,244,1472
8020,468,618,245,1474
8024,468,616,245,1475
8028,467,614,245,1477
8032,468,616,246,1479
8036,468,616,247,1480
8068,468,573,251,1494
8072,470,572,252,1496
8076,470,573,253,1497
8080,470,571,253,1499
8084,470,572,254,1501
8088,471,576,254,1503
8092,472,580,255,1505
8096,471,583,255,1506
8148,474,597,260,1528
8152,474,602,260,1530
8156,473,604,260,1532
8160,474,604,261,1533
8164,475,604,261,1535
8168,473,605,261,1537
8172,475,609,261,1538
8176,473,616,261,1540
8180,473,618,261,1541
8184,474,622,261,1543
8224,473,601,263,1559
8228,472,603,263,1560
8232,472,606,263,1562
8236,472,609,263,1563
8240,472,609,263,1565
8244,472,608,263,1567
8248,471,612,264,1568
8284,472,613,264,1582
8288,471,614,264,1584
8292,472,610,264,1585
8296,471,600,264,1587
8300,470,599,264,1588
8304,472,601,264,1590
8308,471,604,264,1591
8348,471,632,262,1604
8352,472,632,262,1606
8356,471,628,262,1607
8360,471,624,261,1608
8364,471,618,261,1609
8368,470,612,261,1611
8404,472,637,258,1620
8408,471,641,258,1621
8412,471,644,257,1622
8416,471,655,257,1623
8420,470,659,257,1624
8424,471,658,256,1625
8428,469,653,256,1626
8432,471,653,256,1627
8456,468,625,255,1634
8460,469,626,255,1635
8464,470,622,255,1636
8536,469,623,259,1661
8540,469,623,259,1663
8544,469,622,260,1665
8548,469,619,261,1666
8552,470,618,261,1668
8576,468,588,265,1678
8580,469,581,266,1679
8584,471,573,267,1681
8588,470,575,268,1683
8632,476,583,275,1703
8636,474,583,276,1705
8640,475,584,276,1706
8664,476,594,279,1717
8668,475,604,280,1718
8672,477,610,280,1720
8676,476,611,281,1722
8720,475,585,285,1741
8724,476,582,286,1742
8728,475,577,287,1744
8732,477,575,287,1746
8736,477,575,287,1748
8740,476,586,288,1750
8744,477,595,288,1751
8748,476,602,288,1753
8752,478,607,289,1755
8788,478,593,290,1768
8792,480,588,290,1770
8796,479,590,290,1771
8800,479,599,290,1773
8804,480,601,290,1774
8808,480,602,290,1775
8812,480,613,290,1777
8816,479,620,290,1778
8820,480,625,289,1779
8824,480,634,289,1780
8828,479,638,289,1781
8832,479,642,289,1782
8836,479,642,289,1784
8840,479,639,288,1785
8844,480,638,288,1786
8880,480,629,286,1795
8884,480,637,286,1796
8888,479,642,285,1797
8892,479,650,285,1798
8896,478,658,285,1799
8900,478,658,285,1800
8904,478,657,284,1801
8908,477,654,284,1802
8912,478,650,284,1803
8916,477,646,284,1804
8920,477,639,283,1805
8924,477,632,283,1806
8964,477,636,284,1818
8968,476,635,284,1819
8972,477,632,284,1820
8976,477,630,284,1822
8980,477,624,284,1823
8984,477,619,285,1824
8988,476,614,285,1826
8992,477,613,285,1827
8996,476,615,285,1829
9032,477,623,290,1843
9036,476,621,290,1844
9040,477,621,291,1846
9044,478,617,292,1848
9048,478,611,293,1850
9052,480,595,293,1851
9056,482,585,294,1853
9060,485,575,295,1855
9064,489,566,296,1857
9068,497,567,297,1858
9072,503,569,297,1860
9076,509,570,298,1862
9080,522,574,299,1864
9084,529,578,300,1866
9088,535,582,301,1868
9092,552,585,301,1869
9096,559,592,302,1871
9100,568,598,303,1873
9104,585,595,303,1875
9108,593,594,304,1877
9112,602,591,304,1879
9116,619,590,305,1880
9120,628,592,305,1882
9124,637,595,306,1884
9128,651,591,307,1885
9132,659,587,308,1887
9136,663,586,309,189140,671,591,310,1890
9144,676,598,311,1891
9148,676,611,313,1892
9152,681,614,314,1893
9156,680,619,315,1895
9160,682,623,316,1896
9164,684,618,317,1897
9168,683,610,319,1898
9172,684,597,320,1899
9176,683,591,321,1900
9180,683,579,323,1901
9184,686,569,324,1902
9188,683,567,325,1903
9192,685,562,327,1904
9196,683,559,328,1905
9200,682,566,330,1905
9204,680,574,331,1906
9208,677,570,332,1907
9212,674,574,333,1907
9216,666,586,335,1907
9220,660,607,336,1908
9224,647,609,337,1908
9228,641,613,338,1908
9232,637,634,339,1908
9236,630,641,340,1908
9240,628,645,341,1908
9244,630,658,342,1908
9248,624,660,343,1908
9252,625,656,344,1908
9256,621,649,345,1908
9260,617,647,347,1908
9264,616,647,348,1908
9268,612,644,349,1908
9272,609,644,350,1908
9276,604,643,352,1908
9280,601,640,353,1909
9284,595,638,355,1909
9288,590,637,356,1909
9292,586,627,357,1909
9296,574,620,359,1910
9300,568,613,360,1910
9304,563,603,361,1911
9308,550,600,362,1911
9312,546,599,363,1912
9316,541,604,364,19139320,533,69324,531,622,366,1915
9328,526,624,366,1916
9332,520,623,367,1917
9336,515,619,368,1918
9340,511,597,368,1919
9344,504,585,369,9348,500,582,370,1921
9352,497,579,370,1922
9356,492,566,371,1923
9360,490,561,371,1924
9364,489,583,371,1925
9368,485,592,372,1926
9372,486,599,372,1927
9376,485,628,372,1927
9380,483,646,372,1928
9416,475,668,373,1936
9420,475,664,373,1938
9424,475,658,373,1939
9428,473,656,373,1940
9432,474,650,374,1941
9436,473,621,375,1943
9440,472,607,375,1944
9444,472,601,376,1945
9448,471,589,376,1947
9452,472,575,377,1948
9456,471,567,377,1950
9460,471,571,378,1951
9464,472,577,379,1952
9468,472,579,379,1954
9472,472,592,379,1955
9476,472,599,379,1956
9480,472,602,380,1958
9484,473,609,380,1959
9488,473,612,380,1960
9524,472,616,382,1973
9528,472,607,382,1975
9532,472,592,383,1976
9536,472,595,383,1978
9540,472,601,383,1979
9544,472,597,384,1981
9548,472,600,384,1982
9552,473,607,384,1984
9556,472,618,385,1985
9592,472,593,387,2000
9596,471,597,387,2001
9600,471,599,388,2003
9604,472,589,388,2005
9608,472,584,388,2006
9612,473,588,389,2008
9616,473,600,389,2010
9620,472,598,389,2011
9624,473,597,389,2013
9628,472,604,389,2014
9632,473,608,389,2016
9636,471,613,390,2018
9640,472,621,390,2019
9688,470,598,392,2038
9692,471,598,392,2039
9696,471,596,393,2041
9700,471,596,393,2043
9704,471,599,393,2044
9708,471,603,393,2046
9712,471,610,393,2047
9716,470,615,394,2049
9720,471,618,394,2051
9724,472,619,394,2052
9728,472,619,394,2054
9732,472,622,394,2055
9768,472,597,396,2070
9772,473,603,397,2072
9776,472,606,397,2073
9816,471,620,398,2089
9820,472,613,399,2091
9824,472,610,399,2092
9864,473,612,401,2108
9868,471,625,401,2109
9896,469,614,401,2120
9900,470,609,401,2122
9904,470,608,401,2123
9908,470,605,402,2124
9936,472,619,402,2135
9944,472,622,402,2137
9952,472,633,403,2140
9956,470,630,403,2142
10012,467,616,403,2162
10016,467,618,403,2163
10020,467,619,403,2164
10024,468,622,403,2166
10028,466,623,403,2167
10032,467,623,403,2169
10068,463,618,404,2181
10072,4610076,410080,46410084,464,60610088,462,607,405,210092,463,607,4010096,462,609,405,2191
10100,461,610,405,2193
10104,462,611,4010108,461,612,10112,461,612,406,2110116,460,613,406,10120,460,617,10124,459,619,407,2202
10128,459,619,407,2204
10132,459,619,407,2206
10136,410140,458,615,407,10144,459,10148,460,610,10152,461,607,4010156,461,600,409,2210160,462,597,409,2217
10164,462,596,409,2219
10168,462,596,410,2221
10172,465,597,410,2222
10176,465,599,411,2224
10180,466,601,411,2226
10184,468,601,411,2227
10188,468,602,411,2229
10192,469,606,412,2231
10196,469,608,412,2233
10200,470,610,412,2234
10204,472,613,413,2236
10208,472,613,413,2238
10212,471,611,413,2239
10216,472,610,413,2241
10220,474,610,414,2243
10224,475,608,414,2245
10228,475,602,414,2246
10232,478,598,415,2248
10236,479,595,415,2250
10240,481,591,415,2252
10244,486,590,416,2254
10248,489,591,416,2255
10252,493,598,416,2257
10256,499,601,417,2259
10260,502,603,417,2261
10264,506,605,417,2262
10268,511,610,417,2264
10272,514,615,417,2266
10276,518,622,417,2267
10280,524,620,418,2269
10284,529,620,418,2271
10288,532,617,418,2272
10292,541,614,418,2274
10296,547,612,419,2276
10300,551,601,419,2278
10304,563,595,419,2279
10308,569,592,419,2281
10312,576,592,419,2283
10316,588,592,42010320,595,593,420,2286
10324,603,594,420,2288
10328,612,600,420,2289
10332,617,605,420,2291
10336,620,607,420,2292
10340,626,607,421,2294
10344,631,610,421,2295
10348,630,618,421,2296
10352,636,620,422,2297
10356,636,620,423,2298
10360,638,619,423,2299
10364,641,619,424,2300
10368,642,614,424,210372,645,603,425,2302
10376,646,600,426,2302
10380,648,597,427,2303
10384,650,590,427,230310388,650,590,428,2304
10392,652,593,429,210396,652,594,430,2305
10400,653,596,431,2305
10404,653,605,431,2305
10408,651,640,432,2305
10412,653,654,432,2305
10416,652,659,433,2305
10420,652,669,434,2305
10424,651,677,435,2305
10428,651,676,435,2305
10432,651,651,436,2305
10436,650,648,437,2305
10440,650,651,438,2305
10444,651,641,439,2305
10448,650,632,440,2305
10452,651,630,441,2305
10456,650,623,442,2305
10460,651,613,443,2305
10464,651,604,445,2305
10468,650,605,446,2306
10472,652,611,447,2306
10476,651,615,448,2306
10480,651,618,449,2306
10484,651,620,450,2306
10488,652,625,451,2306
10492,652,628,453,2306
10496,651,625,454,2306
10500,652,625,455,2306
10504,652,626,457,2306
10508,651,623,458,2306
10512,652,619,459,2306
10516,651,622,461,2306
10520,651,622,462,2306
10524,652,622,463,2306
10528,651,619,465,2306
10532,654,619,466,2306
10536,652,619,467,2306
10540,652,615,469,2306
10544,653,615,470,2306
10548,653,617,471,2306
10552,653,615,473,2306
10556,653,612,475,2306
10560,653,610,476,2306
10564,654,611,477,2307
10568,653,612,479,2307
10572,653,613,480,2307
10576,653,614,482,2307
10580,653,614,483,2307
10584,653,613,485,2307
10588,653,613,486,2307
10592,654,615,488,2307
10596,654,616,489,2308
10600,653,616,491,2308
10604,654,615,492,2308
10608,653,615,494,2308
10612,653,617,495,2308
10616,653,615,497,2308
10620,654,613,499,2310624,655,614,5010628,654,612,5010632,654,608,504,10636,654,600,505,2309
10640,654,598,507,2310
10644,655,595,509,2310
10648,653,594,510,2310
10652,656,596,512,2310
10656,656,595,514,2311
10660,655,591,515,231110664,655,594,517,2311
10668,655,599,519,2311
10672,655,604,520,2311
10676,654,605,522,2311
10680,655,609,523,2311
10684,655,616,525,2311
10688,654,615,527,2311
10692,656,617,528,2311
10696,655,622,530,2311
10700,655,621,531,2312
10704,655,618,533,2312
10708,654,609,535,2312
10712,655,607,536,2312
10716,654,605,538,2312
10720,655,599,540,2312
10724,655,598,541,2312
10728,655,598,543,2312
10732,656,597,545,2312
10736,655,600,546,2312
10740,657,604,548,2312
10744,656,611,549,2312
10748,655,614,551,2312
10752,656,619,552,2312
10756,656,623,554,2312
10760,656,624,555,2312
10764,656,624,557,2312
10768,655,622,558,2312
10772,656,619,560,2312
10776,655,615,561,2310780,655,609,563,2312
10784,655,606,564,2312
10788,655,605,566,2312
10792,655,604,567,2312
10796,655,605,569,2312
10800,655,607,570,2312
10804,656,614,572,2312
10808,655,615,573,2312
10812,656,616,575,2312
10816,656,617,577,2312
10820,655,616,578,2312
10824,656,614,579,2312
10828,654,615,581,2312
10832,655,615,582,2312
10836,654,615,584,231210840,654,616,585,2310844,655,617,587,2310848,654,618,588,2312
10852,655,618,589,2312
10856,654,618,591,2312
10860,655,618,593,2312
10864,656,615,594,2312
10868,655,611,595,2312
10872,656,609,597,2312
10876,655,609,598,2312
10880,655,610,599,2312
10884,657,611,601,2312
10888,654,611,602,2312
10892,656,612,604,2312
10896,654,612,605,2312
10900,655,613,607,2312
10904,655,613,608,2312
10908,655,614,609,231210912,655,616,611,23110916,654,616,612,23110920,655,617,613,10924,656,624,615,2312
10928,655,625,616,2312
10932,656,625,617,2312
10936,655,621,619,2312
10940,655,620,620,2312
10944,656,619,622,2312
10948,655,616,623,2312
10952,656,615,625,2312
10956,656,615,626,2312
10960,656,612,627,2312
10964,656,611,629,2312
10968,655,611,630,2312
10972,657,612,631,2312
10976,656,613,633,2312
10980,656,614,634,2312
10984,657,615,635,2312
10988,656,616,637,2312
10992,657,616,638,2312
10996,657,616,640,231211000,657,616,641,23111004,657,617,642,211008,655,624,644,2312
11012,656,624,645,2312
11016,655,624,647,2312
11020,655,623,648,2312
11024,656,623,649,2312
11028,656,623,651,2312
11032,657,620,653,2312
11036,656,618,654,2312
11040,656,615,655,211044,657,610,65711048,656,610,65811052,657,6111056,656,614,11060,656,6111064,657,611,664,23111068,656,613,665,211072,657,613,6611076,657,614,611080,657,618,670,2313
11084,657,620,671,2313
11088,656,620,673,2313
11092,657,621,675,2313
11096,657,621,676,2313
11100,657,621,677,2313
11104,657,619,679,2313
11108,657,616,6811112,658,61411116,658,608,6811120,658,605,685,11124,658,604,611128,657,605,688,211132,659,604,6911136,658,604,6911140,658,60611144,659,611148,658,11152,11156,659,619,699,2314
11160,659,619,701,2314
11164,660,619,702,2314
11168,659,619,704,2314
11172,660,620,705,2315
11176,660,620,707,2315
11180,660,620,708,2315
11184,660,619,710,2315
11188,611192,661,11196,6611200,660,611204,661,604,11208,660,60511212,661,606,721,2311216,661,606,723,11220,662,606,725,211224,663,611228,663,615,11232,664,618,729,2316
11236,664,617,731,211240,664,617,733,23111244,664,618,734,2317
11248,663,611252,665,616,737,211256,664,615,739,211260,664,609,741,23111264,664,605,743,2317
11268,664,602,744,2318
11272,665,601,746,2318
11276,664,600,748,2318
11280,665,600,749,2318
11284,667,602,751,2318
11288,666,603,753,2319
11292,667,604,754,2319
11296,666,609,756,2319
11300,666,611,757,2319
11304,667,612,759,2319
11308,666,617,761,2319
11312,667,618,763,2319
11316,666,617,764,2319
11320,666,613,766,211324,668,612,76811328,667,612,769,2320
11332,668,610,771,2320
11336,667,609,773,2320
11340,668,610,775,211344,669,608,776,2321
11348,668,606,778,2321
11352,669,604,779,2321
11356,668,605,781,2321
11360,668,606,783,2321
11364,669,605,785,2321
11368,668,605,786,2321
11372,669,607,788,2322
11376,669,609,790,211380,669,611,7911384,670,61111388,669,613,7911392,670,618,797,2322
11396,670,6111400,67111404,671,11408,67111412,671,6111416,671,607,11420,671,605,811424,671,606,11428,670,6011432,671,606,11436,670,604,81511440,670,606,817,2323
11444,670,609,818,232311448,670,610,820,211452,671,613,11456,670,61411460,670,6111464,671,621,826,2323
11468,670,623,828,2323
11472,671,623,829,2323
11476,670,621,831,2323
11480,670,619,833,2323
11484,671,617,834,232311488,669,612,836,2323
11492,671,610,838,23211496,670,611,839,11500,670,616,811504,670,6111508,669,609,8411512,670,60911516,669,611520,669,11524,67011528,669,611532,67011536,66911540,670,11544,67011548,66911552,611556,669,616,811560,669,611,811564,669,609,811568,668,609,11572,669,613,811576,668,614,11580,669,61211584,669,11588,668,11592,669,611596,668,619,879,2324
11600,669,619,881,2324
11604,669,619,883,2324
11608,668,618,884,2324
11612,669,619,886,2324
11616,668,621,888,2324
11620,668,623,889,2325
11624,668,621,891,2325
11628,667,620,893,2325
11632,667,615,894,2325
11636,666,613,896,23211640,667,613,897,211644,667,615,899,211648,666,616,90111652,668,611,902,2325
11656,667,601,904,2325
11660,667,603,906,2325
11664,667,607,907,2325
11668,665,607,909,2326
11672,667,608,911,2326
11676,666,608,913,2326
11680,666,612,914,23211684,666,614,916,11688,665,616,917,211692,666,623,919,2326
11696,665,624,921,2326
11700,666,624,922,2326
11704,666,616,911708,665,613,911712,666,610,92711716,665,606,929,2327
11720,664,605,931,2327
11724,665,606,933,2311728,663,602,93411732,664,602,936,2327
11736,663,6011740,663,1174411748,662,611752,611756,661,619,946,2328
11760,662,622,948,2328
11764,662,621,949,2328
11768,661,620,951,2328
11772,662,620,953,2328
11776,661,6111780,661,611784,661,608,9511788,658,605,96011792,660,604,911796,658,604,963,211800,658,602,965,211804,658,604,967,232911808,657,607,968,211812,658,60711816,657,60611820,657,608,973,11824,657,61511828,656,618,977,2330
11832,657,619,979,2330
11836,656,623,980,2330
11840,656,624,982,2330
11844,656,624,984,2330
11848,654,618,985,2331
11852,655,615,987,2331
11856,654,612,989,233111860,653,608,991,2331
11864,653,604,993,2331
11868,653,602,994,2332
11872,653,601,996,2332
11876,653,602,998,2332
11880,653,604,1000,2332
11884,654,605,1001,2332
11888,653,606,1003,2333
11892,654,608,1005,2333
11896,653,610,1007,2333
11900,653,611,1009,2333
11904,653,615,1011,2333
11908,651,620,1012,2333
11912,652,617,1014,2333
11916,651,614,1016,2334
11920,652,610,1018,2334
11924,652,607,1019,2334
11928,651,605,1021,2334
11932,652,604,1023,2334
11936,651,604,1025,2335
11940,651,604,1027,2335
11944,652,603,1029,2335
11948,651,602,1030,2335
11952,652,603,1032,2335
11956,651,612,1034,2335
11960,651,617,1036,2336
11964,652,616,1037,2336
11968,651,613,1039,2336
11972,652,616,1041,2336
11976,651,617,1043,2336
11980,651,615,1045,2336
11984,651,612,1046,233711988,651,612,1048,2311992,651,608,1050,233711996,650,604,1052,2337
12000,651,601,1054,2337
12004,651,601,1056,2338
12008,651,603,1057,2338
12012,652,606,1059,2338
12016,652,606,1061,2338
12020,652,607,1063,2338
12024,652,611,1064,23312028,651,616,1066,2339
12032,652,617,1068,2339
12036,651,618,1069,2339
12040,651,619,1071,2339
12044,651,618,1073,2339
12048,650,617,1075,2339
12052,651,613,1076,2339
12056,651,611,1078,2339
12060,651,609,1080,2339
12064,652,607,1082,2340
12068,652,608,1083,2340
12072,652,606,1085,2340
12076,652,606,1087,23412080,652,610,1012084,653,614,112088,652,618,1092,2340
12092,653,620,1093,2340
12096,652,622,1095,2340
12100,652,624,1097,2340
12104,653,623,1099,2340
12108,652,620,1101,2340
12112,653,617,12116,652,61512120,652,613,1106,2312124,653,605,1107,2341
12128,652,601,1109,2341
12132,653,603,1111,2341
12136,653,607,1113,12140,652,607,1114,12144,653,608,112148,651,613,1118,12152,653,616,11112156,651,620,1121,2341
12160,651,623,1123,2341
12164,651,625,1125,2341
12168,651,628,1126,2341
12172,651,624,1128,2341
12176,650,620,1130,2341
12180,650,619,1131,2341
12184,651,619,1133,2341
12188,650,618,1135,2342
12192,651,616,112196,651,608,113812200,650,606,1140,12204,651,606,1142,212208,650,607,1143,12212,651,605,114512216,650,606,1147,2343
12220,650,612,1149,2343
12224,650,614,1151,2343
12228,649,613,1152,2343
12232,650,619,1154,2343
12236,649,625,1156,2343
12240,649,627,1157,2343
12244,650,624,1159,2343
12248,649,622,1161,2343
12252,650,619,1163,2343
12256,650,611,1165,2344
12260,650,605,1166,2344
12264,651,601,1168,2344
12268,649,602,1170,23412272,651,604,1172,2345
12276,650,603,1173,2345
12280,650,601,1175,2345
12284,650,603,1177,2345
12288,650,609,1179,2345
12292,650,614,1181,2345
12296,649,611,1183,2346
12300,650,612,1184,2346
12304,651,620,1186,2346
12308,650,620,1188,2346
12312,651,617,1189,2346
12316,651,618,1191,2346
12320,651,620,1193,2347
12324,651,618,1195,2347
12328,650,607,1197,2347
12332,650,603,1199,2347
12336,649,602,1201,2347
12340,649,606,1202,2348
12344,649,603,1204,2348
12348,650,600,1206,2348
12352,650,602,1208,2348
12356,650,605,1209,2348
12360,650,608,1211,2349
12364,651,611,1213,2349
12368,649,615,1215,2349
12372,650,621,1217,2349
12376,649,618,1219,2349
12380,648,614,1220,2349
12384,649,615,1222,2350
12388,647,617,1224,2350
12392,649,612,1226,2350
12396,648,606,1228,2350
12400,648,603,1229,2350
12404,648,604,1231,2351
12408,647,603,1233,2351
12412,648,600,1235,2351
12416,646,603,1237,2351
12420,646,606,1238,2351
12424,647,604,1240,2352
12428,646,605,1242,2352
12432,648,609,1244,2352
12436,647,617,1246,2352
12440,647,618,1248,2352
12444,648,618,1249,2352
12448,646,618,1251,2353
12452,648,618,1253,2353
12456,647,617,1255,2353
12460,646,611,1257,2353
12464,647,609,1258,2353
12468,646,607,1260,2353
12472,646,603,1262,2353
12476,646,603,1264,2354
12480,646,601,1265,2354
12484,647,602,1267,2354
12488,646,605,1269,2354
12492,647,608,1271,2354
12496,647,612,1273,2354
12500,647,614,1274,2355
12504,648,617,1276,2355
12508,647,622,1278,2355
12512,648,620,1280,2355
12516,647,619,1281,2355
12520,647,618,1283,2355
12524,648,615,1285,2355
12528,647,611,1287,2355
12532,648,604,1288,2355
12536,648,603,1290,2355
12540,649,604,1292,2355
12544,650,604,1293,2356
12548,650,603,1295,2356
12552,651,605,1297,2356
12556,651,609,1299,2356
12560,651,611,1300,2356
12564,652,615,1302,2356
12568,650,622,1303,2356
12572,653,623,1305,2356
12576,650,625,1307,2356
12580,652,624,1308,2356
12584,653,622,1310,2356
12588,652,620,1312,2356
12592,653,617,13112596,653,616,1312600,654,613,1312604,656,610,1312608,655,611,132012612,656,61312616,656,61212620,657,61312624,658,612628,657,617,12632,659,12636,658,12640,658,6112644,66012648,659,619,1336,2356
12652,660,623,1337,2356
12656,659,623,1339,2356
12660,660,624,1341,2356
12664,661,622,1342,2356
12668,660,622,1344,2356
12672,663,621,1345,2356
12676,662,618,1347,2356
12680,66212684,663,618,1351,2356
12688,662,61612692,664,613,1354,12696,66312700,663,612704,664,616,1358,212708,663,612712,664,613,1361,212716,6612720,663,621,1365,2356
12724,664,623,1367,2356
12728,663,624,1368,2356
12732,663,625,1370,2356
12736,663,622,1371,2356
12740,661,620,1373,2356
12744,661,619,1375,2356
12748,659,61712752,659,612756,656,6112760,655,61312764,652,611,138312768,64912772,648,612776,644,6012780,642,60912784,640,615,1392,2357
12788,636,619,1393,2357
12792,634,619,1395,2357
12796,632,617,1397,2357
12800,628,617,1399,2357
12804,627,616,1400,2357
12808,624,614,1402,2358
12812,622,615,1404,2358
12816,620,615,1406,2358
12820,619,610,1407,2358
12824,618,609,1409,2358
12828,617,608,1412832,617,605,14112836,617,604,1412840,617,604,12844,619,601,1418,2359
12848,619,602,1420,2360
12852,620,606,1422,2360
12856,621,606,1423,2360
12860,622,608,1425,2360
12864,623,613,1427,2360
12868,622,616,1429,2361
12872,624,615,1431,2361
12876,623,613,1433,2361
12880,623,614,1435,2361
12884,625,612,1436,2361
12888,625,606,1438,2362
12892,627,605,1440,2362
12896,628,604,1442,2362
12900,630,602,1444,2363
12904,631,599,1446,2363
12908,631,600,1447,2363
12912,632,602,1449,2363
12916,632,606,1451,2364
12920,633,607,1453,2364
12924,635,609,1455,2364
12928,634,611,1457,2364
12932,636,612,1459,2365
12936,635,612,1461,2365
12940,636,613,1462,2365
12944,637,611,1464,2365
12948,637,608,1466,2366
12952,639,601,1468,2366
12956,639,597,1470,2366
12960,641,597,1472,2367
12964,642,599,1474,2367
12968,641,596,1475,2367
12972,642,595,1477,2367
12976,642,601,1479,2368
12980,643,605,1481,2368
12984,644,607,1483,2368
12988,643,608,1485,2369
12992,645,613,148712996,644,617,148913000,644,616,1491,2369
13004,645,614,1492,2313008,644,614,1494,2370
13012,645,615,1496,2370
13016,644,612,1498,2370
13020,645,606,1500,2370
13024,647,599,1502,2371
13028,645,599,1504,2371
13032,646,596,1505,2371
13036,646,594,1507,2372
13040,646,597,1509,2372
13044,647,600,1511,2372
13048,645,605,1513,2372
13052,648,607,1515,2372
13056,646,612,1517,2373
13060,645,623,1518,2373
13064,646,622,1520,2373
13068,645,622,1522,2373
13072,645,621,1524,2373
13076,643,621,1525,2374
13080,644,618,1527,2374
13084,646,603,1529,2374
13088,643,600,1531,2374
13092,644,599,1533,2374
13096,643,594,1535,2375
13100,641,590,1537,2375
13104,642,591,1539,2375
13108,638,601,1540,2375
13112,639,603,1542,2375
13116,635,604,1543,2375
13120,632,612,1545,2375
13124,628,618,1547,2376
13128,623,622,1549,2376
13132,620,623,1550,2376
13136,609,626,1552,2376
13140,605,629,1554,2376
13144,602,622,1555,2376
13148,588,617,1557,2376
13152,584,614,1559,2376
13156,578,613,1561,2376
13160,566,612,1562,2376
13164,560,611,1564,2376
13168,552,608,1565,2377
13172,542,609,1566,2377
13176,536,610,1567,2377
13180,530,610,1569,2378
13184,523,611,1569,2379
13188,517,610,1571,2379
13192,514,603,1571,2380
13196,505,599,1572,2380
13200,502,596,1573,2381
13204,500,592,1574,2382
13208,492,596,1574,2382
13212,491,599,1575,2383
13216,489,594,1576,2384
13220,485,595,1576,2384
13224,486,602,1576,2385
13228,483,634,1577,2386
13232,483,648,1577,2386
13236,482,656,1577,2387
13240,481,675,1577,2387
13244,480,683,1577,2388
13248,478,682,1577,2389
13252,479,671,1577,2390
13256,477,666,1577,2390
13260,477,660,1578,2391
13264,478,645,1578,2392
13268,476,637,1579,2393
13272,476,633,1579,2394
13276,475,629,1579,2395
13280,473,631,1580,2397
13284,474,633,1580,2398
13288,473,635,1581,2399
13292,473,634,1581,2401
13296,470,632,1582,2402
13300,471,636,1583,2403
13304,471,637,1583,2405
13308,470,638,1584,2406
13312,470,628,1585,2407
13316,469,616,1586,2409
13320,471,603,1587,2410
13328,470,578,1588,2413
13332,471,575,1589,2415
13336,471,574,1590,2416
13340,472,578,1591,2418
13364,472,606,1595,2428
13368,471,598,1595,2430
13372,471,589,1596,2431
13376,471,589,1597,2433
13416,473,618,1603,2450
13420,472,620,1603,2452
13424,471,619,1604,2453
13428,471,619,1604,2455
13468,472,604,1611,2473
13472,473,600,1611,2475
13476,472,599,1612,2477
13480,472,600,1612,2479
13524,476,582,1617,2498
13528,475,591,1618,2500
13532,476,595,1618,2501
13536,475,599,1618,2503
13580,474,622,1617,2517
13584,475,618,1617,2519
13588,473,616,1617,2520
13592,477,618,1617,2521
13628,472,646,1615,2531
13632,473,648,1615,2532
13636,473,652,1615,2533
13640,472,650,1614,2534
13644,474,645,1614,2535
13648,472,636,1614,2536
13652,473,635,1614,2537
13684,47