0,717,615,0,0
4,722,615,0,0
8,715,616,0,0
12,722,616,0,0
16,719,617,0,0
20,716,616,0,-1
24,721,616,0,-1
28,715,615,1,-1
32,718,615,1,-1
36,715,615,1,-1
40,717,613,2,-1
44,723,615,2,-1
48,716,613,3,-1
52,719,613,3,-2
56,721,613,4,-2
60,717,611,4,-2
64,723,611,5,-1
68,716,613,5,-1
72,723,612,6,-1
76,718,611,6,-1
80,716,611,7,-1
84,722,610,7,0
88,715,610,8,0
92,717,611,9,0
96,715,611,9,1
100,716,611,10,1
104,722,613,11,2
108,715,611,12,3
112,718,611,12,3
116,721,613,13,4
120,717,612,14,5
124,723,612,15,6
128,715,612,16,7
132,721,611,17,8
136,717,610,19,8
140,715,611,20,10
144,721,612,21,11
148,713,611,23,12
152,717,614,24,13
156,715,617,25,14
160,716,614,27,15
164,722,609,28,17
168,715,611,30,18
172,718,616,31,20
176,720,615,33,21
180,717,614,35184,722,614,37,188,714,61192,721,616,196,716200,714204,720,618,45,32
208,713,619,47,34
212,716,619,49,36
21220224,721,6228,714,618,56,43
232,718,620,58,45
236,7240,244,72248,7252,72256,260,714,616,72,59
264,720,616,7268,713,272,71276,71280,715,615,83,69
284,721,613,85,71
288,714,615,87292,718,618,89,75
296,719,609300,304,722,613,95,82
308,713,611,97,84312,721,608,100,86
316,716,612,1320,714,621,104,90
324,719,6328,713,608,332,715,616336,713,619,113,99
340,715,617,115,10344,721,620,118,104
348,714,620,120,106
352356,719,617,124,360,716,621,127,113
364,722,621,129,115
368,713,620,131,117
372,721,623,133,120
376,716,622,136,122
380,714384,719,620,141,127
388,712,622,143,129
392,715,61396,713,620,148,134
400,714,623,150,136
404,7408,713,61412,717,623,157,143
416,718,620,159,145
420,714,618,162,148
424,720,622,164,150
428,712,622,167,153
432,720,619,169,155
436,714,623,171,158
440,712,623,174,160
444,718,620,176,162
448,711,621,179,165
452,714,624,181,167
456,711,620,184,170
460,712,620,186,172
464,719,625,188,174
468,711,619,191,177
472,715,617,193,179
476,717,624,195,182
480,715,620,198,184
484,720,6488,711,620,203,189
492,719,61496,713,615,208500,711,621,210,196
504,717,616,213,199
508,710,614,2512,713,619,218,204
516,709,613,220,206
520,712,611,223,209
524,719,619,225,211
528,711,616,532,714,613,230,216
536,716,615,233,219
540,713,612,235,221544,719,609,237,548,710,614,240,226
552,718,610,242,229
556,712,608,245,231
560,710,614,247,234
564,716,610,250,236
568,708,606,252,238
572,712,612,255,241
576,709,610,257,243
580,711,607,260,246
584,717,609,262,248
588,709,608,265,251592,713,606,267,253596,715,614,269,256
600,712,612,272,258
604,718,608,275,261
608,709,611,277,26612,717,612,280,266
616,711,610,282,268
620,709,613,285,271
624,715,611,287,273
628,708,609,290,276
632,711,613,292,278
636,709,613,29640,711,612644,718,613,300,286
648,710,612,302,288
652,714,612,305,291
656,715,616,307,293660,712,613,310,296
664,718,611,312,298
668,709,617,315,301
672,717,617,317,303
676,711,614,320,306
680,709,614,323,308
684,715,688,708,614,328,313
692,711,617,330,316
696,709,615,333,318
700,711,614,335,704,718,619,337,323
708,710,616,340,326
712,714,614,343,328
716,715,619,345,331
720,712,617,348,334
724,718,615,350,336
728,709,618,353,338
732,718,617,355,341
736,711,615,358,344
740,710,621,360,346
744,715,620,363,349
748,708,618,365,351
752,712,623,368,354
756,709,621,371,356
760,711,618,373,359
764,718,624,376,361
768,710,626,378,364
772,714,625,381,366
776,715,625,383,369
780,712,625,386,371
784,719,626,388,374
788,710,628,391,376
792,718,625,393,379
796,712,625,396,382
800,710,630,399,384
804,715,628,401,386
808,708,626,403,389
812,718,631,406,392
816,710,627,409,394
820,711,624,411,397
824,712,628,413,399
828,709,626,416,402
832,713,625,419,404
836,708,631,421,407
840,711,629,424,409
844,717,626,427,412
848,711,625,429,415
852,717,624,431,417
856,713,624,434,420
860,713,625,437,422
864,716,622,439,425
868,708,623,442,427
872,717,626,444,430
876,709,621,447,432
880,711,619,449,435
884,713,622,452,437
888,710,620,455,440
892,713,620,457,443
896,708,621,459,445
900,711,618,462,448
904,718,618,465,450
908,711,619,467,453
912,717,617,470,455
916,712,617,473,458
920,714,619,475,460
924,715,617,477,463
928,709,619,480,466
932,719,616,483,468
936,709,615,485,471
940,711,617,488,473
944,712,617,490,476
948,710,616,493,478
952,714,618,495,481
956,708,618,498,483
960,712,616,501,486
964,716,618,503,488
968,710,618,506,491
972,715,617,508,494976,713,619,511,496
980,712,620,513,499
984,717,619,516,501
988,708,620,519,504
992,717,618,521,506
996,710,617,524,509
1000,709,619,526,512
1004,713,616,529,514
1008,708,615,5311012,711,619,534,519
1016,708,615,537,522
1020,710,613,539,524
1024,717,616,5421028,709,614,545,529
1032,713,614,547,532
1036,713,617,549,531040,710,611044,716,611048,707,618,557,542
1052,716,615,560,545
1056,709,615,562,541060,708,617,561064,713,615,567,552
1068,706,616,570,555
1072,710,613,5731076,706,611,571080,708,613,578,1084,716,1088,707,610,583,568
1092,712,610,585,570
1096,712,609,588,573
1100,709,608,591,575
1104,715,61108,706,607,596,581
1112,715,608,598,583
1116,708,611,601,586
1120,707,610,1124,711,6101128,705,611,608,594
1132,708,609,611,596
1136,705,609,614,598
1140,707,612,61144,715,609,619,604
1148,706,610,621,606
1152,711,614,624,609
1156,711,611,626,612
1160,708,611,629,614
1164,714,614,6311168,705,613,634,619
1172,714,613,637,622
1176,707,614,639,624
1180,706,610,642,627
1184,711,611,645,61188,705,613,647,632
1192,708,609,649,634
1196,705,610,652,637
1200,707,610,61204,715,606,657,641208,706,6051212,710,605,1216,711,605,665,650
1220,708,607,667,652
1224,714,606,670,6551228,705,604,61232,711236,708,606,678,663
1240,706,598,680,665
1244,711,601,683,668
1248,705,603,686,61252,709,603,688,673
1256,705,601,691,61260,708,599,693,678
1264,715,599,696,680
1268,707,604,698,681272,711,603,1276,712,595,703,688
1280,709,600,706,691284,715,602,1288,706,595,711,696
1292,715,598,714,6981296,708,600,716,71300,707,599,71304,712,602,721,71308,706,602,724,71312,709,601,7271316,706,603,721320,708,603,732,1324,715,603,731328,707,606,1332,7111336,712,601340,709,608,71344,715,61348,706,601352,71356,7081360,701364,711,61131372,709,613761380,708,612,1384131392,711396,711400,709,616,71404,715,615,786,71408,705,6141412,71416,708,609,791420,707,611424,711,611,791428,706,609,801,1432,709,609,804,781436,705,607,806,1440,708,601444,715,605,811448,707,602,8141452,711,600,816,800
1456,711,603,819,801460,709,601,821,806
1464,714,599,824,808
1468,705,601,827,1472,715,600,829,813
1476,707,600,832,816
1480,707,600,835,818
1484,711,599,837,821
1488,706,600,839,824
1492,709,601,842,826
1496,705,599,845,829
1500,708,599,847,831
1504,715,599,850,834
1508,707,598,853,836
1512,711,601,855,839
1516,705,602,858,842
1520,710,599,860,844
1524,715,598,863,1528,707,599,865,8491532,713,600,868,1536,709,601,871,854
1540,711,603,873,857
1544,711,602,876,860
1548,705,604,878,862
1552,715,607,881,864
1556,705,607,883,867
1560,707,608,886,870
1564,709,611,889,872
1568,706,614,891572,711,1576,705,617,896,880
1580,708,617,899,882
1584,715,620,901,885
1588,707,620,904,888
1592,713,620,907,890
1596,708,623,909,893
1600,710,624,912,895
1604,713,623,914,898
1608,705,625,917,900
1612,712,627,919,903
1616,706,626,922,906
1620,707,625,925,908
1624,711,624,927,911
1628,705,625,930,913
1632,709,624,932,916
1636,705,621,935,918
1640,708,622,937,921
1644,715,625,940,924
1648,707,621,943,926
1652,711,620,945,929
1656,710,618,948,931
1660,709,618,951,934
1664,714,620,953,936
1668,705,617,1672,714,615,958,941
1676,707,615,961,91680,707,616,1684,711688,705,616,969,952
1692,709,613,971,1696,705,612,974,91700,707,615,971704,714,616,979,9621708,706,615,9811712,711,616,981716,710,615,986,970
1720,709,615,989,971724,714,617,991,975
1728,705,618,994,977
1732,715,619,997,980
1736,707,621,999,982
1740,711,621,1002,985
1744,711,621,1005,988
1748,705,623,1007,990
1752,715,625,1010,993
1756,705,626,1012,995
1760,707,626,1015,998
1764,708,629,1017,1000
1768,707,630,1020,1003
1772,710,629,1023,1005
1776,705,631,1025,1008
1780,708,633,1027,1010
1784,715,635,1030,1013
1788,707,635,1033,1016
1792,714,638,1035,1018
1796,708,640,1038,1021
1800,710,637,1040,1023
1804,713,637,1043,1026
1808,705,640,1045,1028
1812,715,649,1048,1031
1816,706,649,1051,1033
1820,708,649,1053,1036
1824,708,653,1056,1038
1828,705,658,1058,1041
1832,711,658,1061,1044
1836,705,656,1063,1046
1840,708,659,1066,10491844,715,662,1069,10511848,707,665,1071,1054
1852,714,666,1074,1056
1856,708,667,1076,1058
1860,710,666,1079,1061
1864,714,668,1081,101868,705,671,1084,1066
1872,713,670,1087,11876,706,672,1089,101880,707,676,1092,1074
1884,710,675,10941888,706,1892,709,675,1099,1082
1896,705,679,1102,1084
1900,708,679,1104,10871904,715,678,1107,1089
1908,707,679,1109,1092
1912,712,680,1112,1094
1916,711,680,11151920,709,680,1117,1099
1924,714,681,1120,1102
1928,706,684,1122,11932,715,683,1125,11071936,707,684,1127,1110
1940,707,685,1130,111944,711,684,1133,1948,706,684,1135,11171952,710,686,1138,1120
1956,706,686,1140,111960,709,685,11431964,716,689,11968,708,688,1148,1130
1972,713,686,1150,1132
1976,712,687,1153,1135
1980,711,687,1155,1138
1984,715,687,1158,1140
1988,707,689,1161,1143
1992,716,689,1163,1145
1996,709,689,1166,1148
2000,709,691,1169,1150
2004,713,690,1171,1153
2008,708,689,1173,1155
2012,712,692,1176,1158
2016,708,692,1179,1160
2020,711,693,1181,1163
2024,718,695,1184,1166
2028,710,694,1186,1168
2032,715,694,1189,1171
2036,714,697,1191,1173
2040,713,695,1194,1176
2044,718,695,1197,1178
2048,710,696,1199,11812052,719,694,1202,1183
2056,712,695,1204,1186
2060,711,699,1207,1189
2064,2068,711,698,1212,1194
2072,714,701,1215,1196
2076,711,699,1217,1199
2080,712084,719,701,1222,1204
2088,712,699,1225,1206
2092,717,699,1227,1209
20962100,715,701,1232,1214
2104,719,702,1235,1217
2108,711,701,1237,1212112,7202116,713,699,1243,1224
2120,712,701,1245,1227
2124,716,700,1248,12292128,711,700,1250,1232
2132,714,698,1253,1234
2136,710,698,1255,1237
2140,713,702144,719,698,1261,1242
2148,711,694,1263,1244
2152,716,695,1266,1247
2156,715,6972160,713,696,1271,1252
2164,717,697,1273,1255
2168,708,695,1276,1258
2172,717,62176,709,695,1281,1263
2180,709,691,1284,1265
2184,712,690,1286,1268
2188,706,691,1289,1270
2192,709,688,1291,1273
2196,705,688,1294,1275
2200,707,688,1296,1278
2204,714,682,1299,1280
2208,704,681,1302,1283
2212,709,682,1304,1286
2216,707,680,1307,1288
2220,704,679,1309,1291
2224,709,679,1312,1293
2228,699,674,1315,1296
2232,711,673,1317,1298
2236,700,6722240,699,668,1322,1303
2244,702,669,1325,1306
2248,696,670,1327,1308
2252,700,62256,694,666,1333,1314
2260,696,667,1335,1316
2264,705,661,1338,1319
2268,62272,700,664,1343,1324
2276,697,662,1345,1326
2280,694,660,1348,13292284,699,660,1351,1332
2288,688,660,1353,1334
2292,700,662,1356,1336
2296,688,661,1358,1339
2300,687,659,1361,1342
2304,692308,62312,62316,682,62320,62324,695,62328,682,6592332,62336,686,652340,683,62344,689,652348,676,658,2352,689,659,1394,1375
2356,677,658,1397,1377
2360,676,658,1399,1380
2364,680,660,2368,2372,677,658,12376,670,658,142380,673,657,1412,1393
2384,684,660,1415,12388,670,659,142392,679,657,1420,1400
2396,675,657,2400,62404,679,659,2408,665,656,1430,1410
2412,678,657,1433,1413
2416,666,657,1435,12420,665,655,1438,14182424,670,655,142428,662,654,1443,142432,667,655,1445,1426
2436,659,655,12440,663,62444,675,656,12448,660,655,1456,1436
2452,669,653,1459,1438
2456,665,654,1461,1441
2460,662,653,1463,1443
2464,669,653,1466,1446
2468,655,652,1469,142472,671,652,12476,657,652,1474,142480,656,649,1476,1456
2484,662,648,1479,2488,653,650,1481,1461
2492,659,651,1484,1464
2496,651,650,1487,1466
2500,655,2504,667,650,1492,1471
2508,652,650,1494,1474
2512,662,650,1497,1477
2516,658,62520,655,651,1502,14822524,662,652,1505,1484
2528,647,650,1507,1487
2532,663,650,1509,2536,649,652,1512540,648,6542544,655,653,1517,142548,645,655,1520,1499
2552,651,656,1523,1502
2556,643,655,1525,1505
2560,647,657,1528,1507
2564,658,656,1530,1510
2568,645,657,1533,1512
2572,655,659,1535,1515
2576,651,658,1538,1517
2580,648,658,1540,1520
2584,655,659,1543,1522
2588,640,660,1545,1525
2592,655,659,1548,1527
2596,642,660,1551,1530
2600,642,661,1553,1532
2604,647,661,1556,1535
2608,638,661,1558,1538
2612,645,660,1561,1540
2616,636,662,1563,1543
2620,641,661,1566,1545
2624,652,661,1569,1548
2628,638,661,1571,1550
2632,649,663,1574,1553
2636,644,662,1576,1555
2640,642,662,1579,1558
2644,650,664,1581,1561
2648,634,662,1584,1563
2652,650,662,1586,1566
2656,636,661,1589,1568
2660,636,662,1591,1571
2664,642,662,1594,1573
2668,633,660,1597,1576
2672,640,659,1599,1578
2676,632,659,1602,1581
2680,636,659,1604,1583
2684,650,659,1607,1586
2688,634,658,1609,1588
2692,645,658,1612,1591
2696,640,657,1615,1594
2700,638,657,1617,1596
2704,646,657,1620,1599
2708,630,655,1622,1601
2712,645,654,1625,1604
2716,632,654,1627,1606
2720,632,653,1630,1609
2724,639,654,1632,1611
2728,630,654,1635,1614
2732,636,654,1637,1617
2736,628,653,1640,1619
2740,632,652,1643,1622
2744,645,654,1645,1624
2748,630,654,1648,1627
2752,641,652,1650,1629
2756,636,651,1653,1632
2760,634,652,1655,1634
2764,642,652,1658,1637
2768,626,654,1661,1640
2772,644,652,1663,1642
2776,629,653,1666,1645
2780,629,654,1668,1647
2784,634,653,1671,1650
2788,626,654,1673,1652
2792,632,654,1676,1654
2796,624,653,1679,1657
2800,629,654,1681,1660
2804,639,653,1683,1662
2808,628,655,1686,1665
2812,638,656,1689,1667
2816,633,656,1691,1670
2820,631,655,1694,16722824,638,657,1697,1675
2828,623,659,1699,1677
2832,637,657,1701,162836,625,658,1704,1682
2840,625,660,1707,1685
2844,631,659,1709,1688
2848,622,660,1712,1690
2852,629,661,1714,1693
2856,620,660,1717,1695
2860,625,662,1719,1698
2864,635,662,1722,1700
2868,623,663,1725,1703
2872,634,665,1727,1705
2876,628,664,1729,1708
2880,626,663,1732,1710
2884,634,665,1735,1713
2888,619,662,1737,1716
2892,633,660,1740,1718
2896,621,667,1743,1721
2900,620,666,1745,1723
2904,627,662,1748,1726
2908,618,663,1750,1728
2912,624,668,1753,1730
2916,616,667,1755,1733
2920,621,668,1758,1736
2924,634,664,1760,1738
2928,618,666,1763,1741
2932,628,669,1766,1744
2936,616,667,1768,1746
2940,621,667,1771,1748
2944,630,668,1773,1751
2948,619,664,1776,1754
2952,633,666,1778,1756
2956,618,669,1781,1759
2960,626,664,1783,1761
2964,624,664,1786,1764
2968,614,667,1789,1766
2972,630,664,1791,1769
2976,614,664,1794,12980,617,667,1796,1774
2984,620,663,1799,1776
2988,615,663,1801,1779
2992,622,663,1804,1782
2996,613,661,1807,1784
3000,618,663,1809,1787
3004,629,664,1812,1789
3003012,627,663,1817,1794
3016,621,664,1819,1797
3020,620,661,1822,1799
3024,627,663,1824,1803028,613,666,1827,1805
3032,627,665,1829,1807
3036,615,666,1832,13040,615,6663044,621,666,1837,1815
3048,614,667,1840,1817
3052,620,668,1843,1820
3056,613,669,1845,3060,617,670,1847,1825
3064,627,669,1850,1827
3068,615,669,1853,3072,626,671,1855,1833
3076,621,670,1858,1835
3080,619,670,1861,1838
3084,626,671,1863,1840
3088,613,671,1865,1843
3092,627,670,1868,1845
3096,615,670,1871,1848
3100,615,669,13104,620,669,1876,1853
3108,614,671,1878,1856
3112,620,669,1881,1858
3116,612,669,183120,617,669,1886,1863
3124,626,667,1889,1866
3128,615,667,1891,1868
3132,626,668,1893,1871
3136,620,667,1896,1873
3140,620,666,1899,1876
3144,626,664,1901,1878
3148,613,663,1904,1881
3152,627,666,1907,1884
3156,615,666,1909,1886
3160,616,659,1912,1889
3164,621,661,1914,1891
3168,614,662,1917,1894
3172,620,656,1919,1896
3176,613,655,1922,1899
3180,6173184,627,654,1927,1904
3188,616,651,1929,1906
3192,626,652,1932,1909
3196,621,652,1935,1911
3200,620,649,1937,1914
3204,626,648,1940,1916
3208,613,647,1942,1913212,627,643,1945,1922
3216,616,643,1947,1924
3220,617,646,1950,1927
3224,622,645,1952,1929
3228,615,642,1955,1932
3232,621,639,1957,1934
3236,614,642,1960,1937
3240,619,642,1963,1939
3244,629,638,1965,1942
3248,617,641,1968,1944
3252,628,642,1970,1947
3256,622,638,1973,1949
3260,622,638,1975,1952
3264,628,640,1978,1955
3268,615,641,1981,1957
3272,629,641,1983,1960
3276,617,641,1986,1962
3280,618,643,1988,1965
3284,624,644,1991,1967
3288,617,642,1993,3292,622,645,1996,1972
3296,616,646,1998,1975
3300,620,644,2001,1978
3304,630,647,2003,1980
3308,618,648,2006,1983
3312,629,646,2009,1985
3316,623,642,2011,1987
3320,623,643,2013,1990
3324,629,648,2016,1992
3328,617,648,2019,1995
3332,632,646,2021,1998
3336,619,647,2024,2000
3340,620,651,2026,2003
3344,624,650,2029,2005
3348,618,649,2031,2008
3352,624,656,2034,2010
3356,617,655,2037,2013
3360,622,651,2039,2015
3364,630,656,2041,2018
3368,620,660,2044,2020
3372,630,660,2047,2023
3376,624,659,2049,2025
3380,624,661,2052,2028
3384,630,662,2054,20303388,618,661,2057,2033
3392,631,665,2059,2035
3396,620,667,2062,2038
3400,621,664,2065,2040
3404,625,664,2067,2043
3408,620,666,2069,2045
3412,626,667,2072,2048
3416,618,666,2075,2050
3420,623,668,2077,2053
3424,632,670,2080,2056
3428,622,670,2082,2058
3432,632,668,2085,2060
3436,626,672,2087,2063
3440,626,673,2090,2066
3444,632,672,2092,2068
3448,620,673,2095,2071
3452,634,673,2098,2073
3456,622,671,2100,2076
3460,623,673,2103,2078
3496,627,678,2126,2101
3500,628,676,2128,2104
3504,633,672,2131,2106
3508,622,679,2133,2108
3512,635,676,2136,2111
3516,623,672,2139,2114
3576,622,672,2177,2152
3580,623,676,2179,2154
3584,626,674,2182,2157
3588,621,672,2185,2159
3592,626,673,2187,2162
3596,620,672,2190,2164
3600,623,672,2192,2167
3604,633,675,2195,2170
3608,622,672,2197,2172
3612,631,671,2200,2175
3616,624,674,2203,2177
3620,625,670,2205,2180
3624,629,671,2207,2182
3628,618,673,2210,2185
3632,631,670,2213,2187
3636,619,670,2215,2190
3640,621,671,2218,2192
3644,622,667,2220,2195
3648,619,665,2223,2198
3652,624,669,2225,2200
3656,617,668,2228,2202
3660,621,666,2230,2205
3664,630,665,2233,2208
3668,618,665,2235,2210
3672,628,665,2238,2213
3676,617,664,2241,2215
3680,621,663,2243,2218
3684,627,664,2246,2220
3688,619,664,2248,2223
3692,627,661,2251,2225
3696,618,662,2253,2228
3700,626,662,2256,2230
3704,621,661,2258,2233
3708,616,662,2261,2235
3712,625,661,2263,2238
3716,615,663,2266,2240
3720,617,664,2269,2243
3724,618,666,2271,2246
3728,616,665,2274,2248
3732,622,670,2276,2250
3736,615,669,2279,2253
3740,618,668,2281,2255
3744,628,671,2284,2258
3748,616,671,2286,2261
3752,626,671,2289,2263
3756,618,676,2291,2266
3788,611,688,2311,2286
3792,617,687,2314,2288
3796,607,686,2317,2291
3800,612,688,2319,2293
3804,622,692,2322,2296
3808,610,690,2324,223812,619,688,2327,2301
3816,609,697,2329,2303
3820,611,693,2332,2306
3824,613,690,2334,2308
3828,601,696,2337,2311
3832,615,692,2339,2314
3836,600,688,2342,2316
3840,601,692,2345,2319
3844,603,689,2347,2321
3848,597,685,2350,233852,604,686,2353856,593,684,233860,598,680,2357,2331
3864,609,681,2360,2333868,593,683872,606,681,2365,2339
3876,594,675,2367,2341
3880,596,674,2370,2344
3884,599,673,2372,2346
3888,584,671,2375,233892,602,669,2377,2351
3896,583,663900,585,63904,587,663,2385,3908,581,662,3912,589,665,2390,2364
3916,578,661,2393,2367
3920,582,659,2395,2369
3924,596,660,2398,2372
3928,578,657,2400,2374
3932,593,654,3936,580,657,2405,2379
3940,582,655,2408,3944,586,652,2410,2384
3948,570,653,2413,2387
3952,593,652,2415,2389
3956,570,650,2418,2392
3960,573,651,2420,2394
3964,575,651,2423,2397
3968,569,651,2425,2399
3972,577,652,2428,2402
3976,565,651,2431,24043980,571,651,2433,2407
3984,587,651,2436,2409
3988,567,651,2438,2412
3992,584,653996,570,655,2443,2417
4000,572,654,2446,2419
4004,576,654,2448,2422
4008,559,657,4012,582,656,2453,2424016,559,656,2454020,562,659,2454024,564,658,24028,558,656,2464,24374032,567,657,2466,2440
4036,553,657,2464040,560,4044,577,656,2474,2447
4048,556,658,24052,575,659,2479,244056,559,654060,562,659,2484,2458
4064,566,660,2487,2460
4068,548,658,2489,2463
4072,572,658,2492,2465
4076,548,658,2494,2468
4080,551,657,2497,24704084,554,656,2494088,547,657,2502,2474092,557,658,2505,2478
4096,543,658,2507,2480
4100,550,659,2510,2483
4104,568,656,2512,2485
4108,545,654,2515,2488
4112,566,654,2517,2490
4116,548,653,2520,2493
4120,554,652,2522,2495
4124,557,651,2525,2498
4128,538,653,2527,2501
4132,564,650,2530,2503
4136,539,649,2533,2506
4140,542,650,2535,2508
4144,545,650,2538,2511
4148,539,650,2540,2513
4152,549,649,2543,2516
4156,537,647,2545,2518
4160,543,647,2548,2521
4164,561,647,2550,2523
4168,539,647,2553,2526
4172,560,646,2555,2528
4176,543,646,2558,2531
4180,546,646,2561,2534
4184,551,647,2563,2536
4224,557,640,2589,2561
4228,533,639,2591,2564
4232,556,639,2594,2566
4236,538,638,2596,2569
4240,542,636,2599,2572
4244,546,637,2601,2574
4248,527,636,2604,2577
4252,555,634,2607,2579
4276,526,625,2622,2594
4280,534,625,2624,2597
4284,554,623,2627,2600
4288,531,622,2629,2602
4292,553,623,2632,2605
4320,531,616,2650,2622
4324,535,613,2652,2625
4328,528,614,2655,2628
4332,540,612,2657,2630
4336,526,611,2660,2632
4340,534,612,2662,2635
4344,553,611,2665,2637
4348,531,610,2667,2640
4352,553,612,2670,24356,534,609,26734360,540,607,2675,2648
4364,544,608,2678,2650
4368,526,606,2680,2653
4372,554,605,2683,2655
4376,527,607,2685,2658
4380,531,607,2688,2660
4384,536,605,2690,2663
4388,529,607,2693,2665
4392,541,605,2695,2668
4396,526,605,2698,2670
4400,535,606,2701,2673
4404,554,605,2703,2676
4408,532,603,2706,2678
4412,555,605,2708,2681
4416,535,603,2711,2683
4420,542,604,2713,2685
4424,545,607,2716,2688
4428,527,606,2718,2690
4432,555,608,2721,2693
4436,529,609,2723,24440,533,607,2726,2698
4444,536,610,2729,4448,530,612,2731,274452,5434456,527,611,2736,2708
4460,536,613,2738,2711
4464,555,610,2741,2713
4468,534,612,2744,24472,555,614,2746,2718
4476,536,609,4480,543,4484,545,614,2754,2726
4488,527,609,2756,2728
4492,555,610,2759,2731
4496,529,611,2761,2733
4500,533,604,2764,2734504,537,606,2766,2738
4508,531,606,2769,2741
4512,544,600,2771,274516,528,600,2774,2746
4520,537,601,2777,2749
4524,555,595,2779,2751
4528,534,597,2782,2754
4532,557,600,2784,2756
4536,537,594,2787,2759
4540,544,594,2789,2761
4544,547,596,2792,2764
4548,530,592,2795,2766
4552,556,593,2797,2769
4556,531,596,2800,2771
4560,536,593,2802,24564,539,595,2805,2776
4568,534,595,2807,2779
4572,546,594,2810,2781
4576,531,596,2812,2784
4580,540,597,2815,2786
4584,558,594,2817,2789
4588,537,596,2820,2792
4592,559,596,2822,2794
4596,540,592,2825,2797
4600,548,594,2827,2799
4604,550,595,2830,2802
4608,533,591,2833,2804
4612,559,592,2835,4616,535,592,2837,2809
4620,539,587,2840,2812
4624,542,5884628,538,587,2845,2817
4632,550,583,2848,2820
4636,536,583,4640,545,581,2853,2824
4644,562,577,2855,2827
4648,543,577,2858,2830
4652,564,575,2861,2832
4656,545,572,2863,2834
4660,554,574,2866,2837
4664,555,572,2868,2840
4668,540,567,2871,2842
4672,566,568,2873,2845
4676,542,565,2876,2847
4680,547,560,2878,2850
4684,551,563,2881,2852
4688,547,561,2883,2855
4692,560,556,2884696,546,558,2889,2860
4700,555,555,2891,2862
4704,572,550,2894,2865
4708,554,553,2896,2867
4712,575,550,2899,2870
4716,557,544,2901,2872
4720,567,544,2904,2875
4724,568,541,2906,2877
4728,554,542,2909,2880
4732,578,540,2911,2882
4736,558,538,2914740,563,534744,566,538,2919,2890
4748,565,534,2922,2893
4752,577,532,2924,2895
4756,564,534,2927,2898
4760,574,531,2929,2900
4764,588,529,2932,2903
4768,575,531,2934,2905
4772,593,527,2937,2908
4776,578,526,2940,2911
4780,588,528,2942,24784,590,524,2945,294788,579,522,2947,2918
4792,600,524,2950,2921
4796,583,522,2952,29234800,589,520,2955,24804,592,522,2957,2928
4808,591,520,2960,2931
4812,602,519,2962,2933
4816,593,521,2965,2936
4820,601,518,2967,2939
4824,612,518,2970,2941
4828,605,517,2973,294832,617,54836,606,513,2978,29494840,615,512,2984844,615,510,2983,4848,607,511,29854852,624,511,2988,2959
4856,611,509,294860,616,510,294864,618,510,2995,2966
4868,618,509,2998,2969
4872,626,510,3001,2972
4876,620,509,3003,2974
4880,625,505,3005,2977
4884,633,507,3008,2979
4888,626,505,3011,2982
4892,637,500,3013,2984
4896,627,500,3016,2987
4900,634,500,3018,2989
4904,633,501,3021,2992
4908,626,500,3023,2994
4912,640,498,3026,2997
4916,628,498,3028,2999
4920,631,500,3031,3002
4924,633,498,3034,3004
4928,632,491,3036,3007
4932,638,493,3039,3010
4936,631,492,3041,3012
4940,636,491,3044,3015
4944,644,491,3046,3017
4948,636,492,3049,3020
4952,646,488,3051,3022
4956,636,488,3054,3025
4960,643,487,3057,3027
4964,642,487,3059,3030
4968,635,487,3062,3032
4972,647,484,3064,3035
4976,636,483,3067,3037
5004,649,485,3085,3055
5008,640,484,3087,3058
5012,651,484,3089,3060
5016,641,483,3092,3063
5020,647,479,3095,3065
5024,646,479,3097,3068
5028,638,482,3099,3070
5032,649,479,3102,3073
5060,641,474,3120,3090
5064,648,472,3122,3093
5068,638,471,3125,3095
5072,649,469,3127,3098
5076,638,469,3130,3100
5080,643,464,3133,3103
5084,642,463,3135,3106
5088,633,466,3138,3108
5124,645,445,3161,3131
5128,634,444,3163,3133
5132,646,445,3166,3136
5136,633,444,3168,3138
5140,640,441,3171,3141
5144,639,441,3173,3143
5148,628,442,3176,3146
5152,643,439,3178,3148
5156,628,440,3181,3151
5160,631,437,3183,3154
5164,632,432,3186,3156
5168,630,434,3189,3158
5172,640,432,3191,3161
5176,628,428,3194,3163
5180,635,429,3196,3166
5184,644,429,3199,3168
5188,633,424,3201,3171
5192,647,426,3204,3173
5196,633,428,3207,3176
5236,639,428,3232,3201
5240,647,429,3235,3204
5244,657,430,3237,3206
5248,648,429,3239,3209
5252,662,430,3242,3211
5304,671,443,3275,3244
5308,675,440,3278,3247
5312,689,440,3280,3250
5316,680,443,3283,3252
5320,687,443,3285,3255
5360,707,443,3311,3280
5364,706,445,3313,3283
5368,709,446,3316,3285
5372,719,447,3319,3288
5376,712,448,3321,3290
5380,717,448,3324,3293
5420,722,453,3349,3318
5424,718,451,3352,3321
5428,721,454,3355,3323
5432,726,455,3357,3326
5436,718,453,3359,3328
5440,721,455,3362,3331
5444,722,456,3365,3334
5448,718,454,3367,3336
5484,714,467,3390,3359
5488,714,468,3393,3362
5492,719,469,3395,3364
5496,712,469,3398,3367
5500,715,468,3401,3370
5504,718,466,3403,3372
5508,712,469,3405,3374
5512,719,471,3408,3377
5540,718,470,3426,3395
5544,711,471,3429,3397
5548,710,472,3431,3400
5552,714,470,3434,3403
5556,707,471,3436,3405
5560,711,473,3439,3408
5564,708,473,3441,3410
5568,710,472,3444,3413
5572,717,471,3447,3415
5576,708,470,3449,3418
5580,713,471,3452,3420
5584,714,471,3454,3423
5624,709,471,3480,3448
5628,709,476,3482,3451
5632,715,477,3485,3453
5636,708,473,3487,3456
5640,712,473,3490,3458
5644,715,476,3493,3461
5648,711,474,3495,3464
5652,715,473,3498,3466
5656,710,475,3500,3469
5660,715,477,3503,3471
5664,713,478,3505,3474
5684,711,475,3518,3486
5688,713,477,3521,3489
5692,717,476,3523,3492
5696,711,475,3526,3494
5700,715,479,3528,3497
5704,717,478,3531,3499
5708,714,476,3533,3502
5712,718,478,3536,3504
5716,713,480,3539,3507
5720,718,479,3541,3509
5724,717,479,3544,3512
5744,716,472,3556,3525
5748,717,474,3559,3527
5752,721,472,3561,3530
5756,717,470,3564,3532
5760,720,470,3567,3535
5764,722,467,3569,3538
5768,719,468,3572,3540
5772,722,468,3574,3543
5776,718,461,3577,355780,723,461,3579,3548
5784,721,464,3582,3550
5788,719,459,3585,3552
5792,723,456,3587,35555796,719,459,35800,721,459,35804,720,458,5808,721,458,3597,3565
5812,725,455,3600,3568
5816,720,453,3602,3570
5820,723,453,3605,3573
5824,725,451,3607,3575
5828,723,452,3610,3578
5832,725,451,3613,3581
5836,721,447,3615,3583
5840,725,448,3618,3586
5844,723,450,3620,3588
5848,721,447,3623,3591
5852,724,448,3625,3593
5856,720,450,3628,3596
5860,722,448,3631,3598
5864,721,448,3633,3601
5912,721,447,3664,3632
5916,717,448,3666,3634
5920,718,445,3669,3637
5924,716,445,3671,3639
5928,717,445,3674,3642
5932,720,445,3677,3644
5936,716,448,3679,3647
5940,718,449,3682,3649
5944,719,446,3684,3652
5948,718,447,3687,3655
5952,719,449,3689,3657
5956,714,449,3692,3660
5960,719,451,3695,36625964,716,453,3697,3665
5968,714,453,3699,35972,717,455,3702,3675976,712,457,3705,3672
5980,715,459,35984,7135988,713,467,3712,3680
5992,717,468,3715,3682
5996,712,471,3717,3685
6000,715,473,3720,3688
6004,716,477,3723,3690
6008,713,478,3725,3692
6012,715,478,3727,3695
6016,710,483,3730,3698
6020,713,486,3733,3700
6024,712,486,3735,3703
6028,711,490,3738,3706
6032,713,492,3740,3708
6036,706,493,3743,3711
6040,714,496,3745,3713
6044,705,498,3748,3716
6048,707,499,3751,3718
6052,709,505,3753,3720
6056,704,505,3756,3723
6060,707,502,3758,3726
6064,703,507,3761,376068,704,507,3763,3731
6072,711,506,3766,3734
6076,703,512,3769,376080,709,514,36084,706,513,3773,37416088,705,513,3776092,708,514,3779,3746
6096,700,514,376100,709,516,3786104,701,516,3786108,701,514,36112,703,514,36116,698,512,3794,376120,702,509,3797,3764
6124,697,511,3799,3766
6128,698,510,3806132,707,509,3805,36136,697,509,3807,3774
6140,702,506,6144,702,503,3812,376148,698,503,3815,3786152,705,502,3817,3784
6156,695,502,3820,36160,703,499,3822,36164,698,496,3825,3792
6168,694,496,3827,3794
6172,701,496,3830,3797
6176,692,494,3833,3799
6180,696,494,3835,3802
6184,693,494,3837,3805
6188,693,492,3840,3807
6192,700,493,3843,3810
6196,690,492,3845,3812
6200,694,491,3848,3815
6204,696,495,3850,3817
6208,688,495,3853,3820
6212,695,494,3855,3822
6216,683,499,3858,3825
6220,689,499,3861,3828
6224,683,499,3863,3830
6228,677,505,3865,3833
6232,683,506,3868,36236,672,506,38716240,675,507,3873,3846244,671,507,3876,3843
6248,670,510,3879,3845
6252,679,515,3881,3848
6256,665,512,3883,3850
6260,670,512,3886,3853
6264,674,519,3889,3856
6268,664,519,3891,3858
6272,674,518,3893,3860
6276,659,524,3896,3863
6280,668,524,3899,3866
6284,662,521,3901,3868
6288,654,523,3904,3871
6292,664,525,3907,3873
6296,650,525,3909,3876
6300,654,530,3911,3878
6304,650,529,3914,3881
6308,649,529,3917,3883
6312,660,531,3919,3886
6316,645,532,3922,3888
6320,651,532,3924,3891
6324,657,536,3927,3894
6328,646,534,3929,3896
6332,658,534,3932,38986336,642,536,3934,3901
6340,653,535,3937,39046344,646,535,3939,3906
6348,638,541,3942,3909
6352,651,541,3945,3911
6356,635,541,3947,3914
6360,639,544,396364,636,543,3952,3919
6368,635,543,3955,3922
6372,648,548,3957,3924
6376,632,548,3960,3926
6380,639,549,3962,3929
6384,645,554,3965,3932
6388,634,553,3967,3934
6392,647,554,3970,3936
6396,631,560,3973,3939
6400,644,559,3975,3942
6404,636,561,3978,3944
6408,628,565,3980,3947
6412,641,566,3983,3949
6416,625,570,3985,3952
6420,630,575,3988,3954
6424,627,572,3990,3957
6428,627,574,3993,3959
6432,640,581,3995,3962
6436,625,581,3998,3964
6440,632,583,4001,3967
6444,639,590,406448,628,589,4005,3972
6452,642,590,40086456,625,596,4011,3977
6460,641,595,4013,3980
6464,631,597,4016,3982
6468,624,602,4018,3984
6472,638,601,4021,3987
6476,622,601,4023,3990
6480,627,603,4026,3992
6484,626,603,4028,3995
6488,625,603,4031,3997
6492,632,609,4033,4000
6496,623,610,4036,4002
6500,629,611,4039,4005
6504,622,615,4041,4007
6508,626,616,4043,4010
6512,639,618,4046,4012
6516,625,624,4049,4015
6520,638,624,4051,4018
6524,633,626,4054,4020
6528,630,635,4056,4023
6532,640,635,4059,4025
6536,624,636,4061,4028
6540,641,641,4064,4030
6544,628,643,4067,4033
6548,627,648,4069,4035
6552,637,656,4072,46556,626,657,4074,4040
6560,632,661,4077,4043
6564,629,671,4079,4045
6568,631,671,4081,4048
6572,646,679,4084,4050
6576,631,684,4087,4053
6580,640,686,4089,4055
6584,645,694,4092,4058
6588,638,699,4095,4060
6592,652,701,4097,4063
6596,637,708,4099,4066
6600,652,711,4102,46604,646,717,4105,4071
6608,641,727,4107,406612,655,728,4109,4076
6616,644,732,4112,4078
6620,650,744,4115,4081
6624,651,743,4117,4083
6628,653,742,4120,4086
6632,666,756,4122,4088
6636,657,760,4125,4091
6640,666,761,4127,4093
6644,672,766648,669,770,4133,4098
6652,681,769,4135,4101
6656,671,776,4137,6660,684,776,41406664,679,776,4143,46668,676,779,4145,4111
6672,686,777,4148,4114
6676,678,775,4150,4116
6680,683,777,4153,4119
6684,683,777,4155,4121
6688,685,777,4158,4124
6692,694,779,4166966700,692,7736704,695,779,41686708,6926712,706716,691,772,4176720,706724,696,765,4181,4147
6728,694,766,4183,4149
6732,702,762,4186,4152
6736,695,758,4189,4154
6740,699,755,416744,697,6748,700,746752,708,748,46756,700,7426760,76764,7076768,705,737,426772,712,6776,703,76780,713,738,4217,4182
6784,707,737,4219,4185
6788,706,744,4221,4187
6792,712,740,4224,4190
6796,706,737,4227,4192
6800,710,740,4226804,708,736,4236808,710,734,4234,426812,717,745,4236816,711,6820,715,744,42416824,715,739,4246828,714,6832,719,7446836,711,76840,720,745,4253,4220
6844,715,746,4255,4223
6848,714,748,4258,4226852,718,746,426856,713,746,4262,4230
6860,716,747,4265,4233
6864,714,748,4267,42356868,717,752,426872,722,755,4272,46876,716,751,4276880,720,750,46884,726888,719,750,4281,6892,722,755,426896,7166900,76904,718,754,4291,4261
6908,718,750,4293,4263
6912,721,748,4296,4266916,717,751,46920,720,746,4301,46924,718,740,4306928,719,741,6932,76936,6940,722,741,4313,4283
6944,722,737,4315,4286
6948,721,735,4318,4288
6952,724,737,4320,4290
6956,719,733,4323,4293
6960,725,730,4325,4295
6964,721,732,4328,4298
6968,721,732,4330,4301
6972,723,731,4333,4303
6976,721,732,4335,4306
6980,723,726,4336984,721,725,4346988,723,730,4343,4313
6992,727,728,4345,4316
6996,723,724,4348,4318
7000,725,725,4350,4320
7004,725,718,4353,4323
7008,724,716,4355,4326
7012,727,720,4358,4328
7016,723,715,4361,4331
7020,728,712,4363,4333
7024,724,715,4367028,724,709,4367032,726,704,437036,723,705,4373,43437040,726,702,4375,7044,724,77048,725,67052,729,690,47056,725,67060,727064,727,680,43917068,726,677,43937072,729,677076,725,670,47080,730,664,4401,4371
7084,726,666,4403,4374
7088,725,660,7092,728,655,4408,4379
7096,725,655,4411,4381
7100,726,648,4413,43847104,725,645,447108,726,646,4418,43897112,730,637,4421,4397116,725,634,4423,4397120,728,634,44267124,728,627,4429,4399
7128,726,625,4431,4402
7132,729,626,4434,4404
7136,725,621,4436,4407
7140,729,620,4439,4409
7144,726,621,4441,4412
7148,725,615,4444,4414
7152,728,616,4447,4417
7156,724,616,4449,447160,726,611,47164,725,617168,726,616,447172,729,7176,7257180,728,6167184,728,614,4467,7188,727192,729,619,4472,4442
7196,726,614,4475,4445
7200,729,616,4477,447204,726,618,4480,4450
72087212,728,617,4485,44557216,724,620,4487,4457
7220,729,620,4490,4460
7224,724,622,4492,4462
7228,726,623,4495,4465
7232,726,619,4497,4467
7236,725,622,4500,4470
7240,727,624,4503,4473
7244,724,625,4505,4475
7248,725,629,4508,4478
7252,728,629,4510,4480
7256,725,626,4513,4483
7260,728,631,4515,4485
7264,727,630,4518,4488
7268,727,631,4520,4490
7272,728,635,4523,4493
7276,724,635,4526,4496
7280,729,634,4528,4498
7284,726,638,45317288,725,640,4533,457292,727,639,4536,457296,724,642,7300,726,640,7304,724,640,4547308,7267312,729,643,7316,7257320,728,647,7324,727,645,4556,7328,726,67332,7297336,724,645,4564,4534
7340,729,644,4566,4536
7344,725,648,4569,4539
7348,725,645,47352,727,644,45747356,724,649,457360,726,6477368,725,651,4584,47372,729,650,4587,4557376,725,650,45897380,727,6527384,727,650,4595,4564
7388,725,650,4597,4567
7392,728,652,4600,4570
7396,723,650,4602,4572
7400,729,650,4605,4575
7404,725,650,4607,4577
7408,724,648,4610,4587412,726,651,4613,4582
7416,723,652,4615,4585
7420,725,647,4618,7424,723,650,4620,457428,725,652,46237432,729,646,4625,45957436,724,647,4628,4598
7440,727,649,4630,4600
7444,726,645,4633,4603
7448,725,648,4635,4605
7452,728,650,4638,4608
7456,723,647,4641,4610
7460,728,649,4643,7464,724,651,4646,4616
7468,724,647,4649,4618
7472,725,650,4651,4621
7476,723,652,4653,4627480,725,647,4656,4626
7484,723,650,4659,4628
7488,724,652,467492,728,650,4664,47496,724,652,4666,4636
7500,726,653,4669,4638
7504,726,650,4671,467508,725,653,7512,727,654,4677,4646
7516,722,650,4679,4649
7520,727,652,4681,4651
7524,723,652,4687528,723,650,4687,4656
7532,725,651,4689,4659
7536,722,649,4692,4661
7540,724,649,4695,4667544,722,651,4697,4666
7548,724,649,4700,4669
7552,727,647,4702,7556,723,7560,726,649,4707,467564,725,645,4710,4675687572,77576,722,645,4717,7580,727,645,4720,4689
7584,723,643,4723,4692
7588,723,644,4725,46947592,725,646,4727,4697
7596,722,645,4730,4699
7600,724,644,4733,4702
7604,721,644,4735,4704
7608,723,643,4738,4707
7612,727,644,4747616,723,7620,726,644,4745,4715
7624,725,646,4748,4717
7628,7247632,7277636,722,645,4756,4727640,728,646,4758,477644,723,6467648,723,646,4763,4732
7652,725,647,4766,4735
7656,722,646,4769,4738
7660,725,646,4771,4740
7664,722,646,4773,4743
7668,724,646,4776,4745
7672,727,645,4779,4748
7676,723,644,4781,4750
7680,726,642,4784,4753
7684,725,644,4786,4755
7688,726,644,4789,4758
7692,727,643,4792,4760
7696,722,646,4794,4763
7700,728,646,4797,4766
7704,723,644,4799,4768
7708,724,643,4802,4770
7712,726,643,4804,4773
7716,723,643,4807,4776
7720,725,644,4809,4778
7724,723,643,4812,4781
7728,724,642,4815,4783
7732,729,642,4817,4786
7736,725,641,4820,4788
7740,727,640,4822,4791
7744,726,641,4825,4793
7748,725,638,4827,4796
7752,728,638,4830,4798
7756,723,641,4833,4801
7760,729,638,4835,4803
7764,724,634,4838,4806
7768,724,637,4840,4809
7772,726,636,4843,4811
7776,723,635,4845,4814
7780,726,636,4848,4816
7784,723,636,4850,4819
7788,725,636,4853,4821
7792,729,638,4855,4824
7796,724,634,4858,4826
7800,728,634,4861,4829
7804,727,637,4863,4832
7808,726,633,4866,4834
7812,729,632,4868,4837
7816,723,635,4871,4839
7820,730,631,4873,4842
7824,725,631,4876,4844
7828,725,633,4878,4847
7832,727,631,4881,4849
7836,724,631,4884,4852
7840,726,632,4886,4854
7844,724,628,4889,4857
7848,726,627,4891,4860
7852,730,629,4894,4862
7856,725,627,4896,4865
7860,729,625,4899,4867
7864,727,628,4901,4870
7868,727,626,4904,4872
7872,729,626,4907,4875
7876,724,625,4909,4877
7880,729,622,4912,4880
7884,725,622,4914,4883
7888,726,626,4917,4885
7892,728,623,4919,4888
7896,725,622,4922,4890
7900,727,621,4924,4893
7904,724,621,4927,4895
7908,726,621,4929,4898
7912,731,619,4932,4900
7916,726,619,4935,4903
7920,730,620,4937,4906
7924,728,618,4940,4908
7968,727,611,4968,4936
7972,732,608,4971,4939
7976,727,607,4973,4941
7980,731,610,4976,4944
7984,729,609,4978,4946
7988,729,608,4981,4949
7992,731,609,4987996,726,607,4986,4954
8000,732,606,4989,4957
8004,727,607,4991,4959
8008,727,607,4994,4962
8044,730,609,5017,4985
8048,730,611,5019,4987
8052,732,612,5022,4990
8056,727,612,5024,4992
8060,733,613,5027,4995
8064,728,616,5030,4997
8068,728,618,5032,5000
8092,734,622,5047,5015
8096,729,624,5050,5017
8100,733,623,5053,5020
8104,731,622,5055,5023
8108,730,626,5058,5025
8140,731,630,5078,5046
8144,728,631,5081,5048
8148,730,634,5083,5051
8152,734,633,5086,5053
8156,729,632,5088,5056
8160,733,633,5091,5058
8164,731,636,58168,731,636,5096,5063
8172,733,635,5099,5066
8176,727,632,5101,5068
8180,734,634,5103,5071
8184,729,635,5106,5074
8188,729,631,5109,5076
8192,731,631,5111,5079
8196,728,632,5114,5081
8200,731,631,5116,5084
8204,728,632,5119,5086
8208,730,632,5121,5089
8212,734,634,5124,5091
8216,729,634,5127,5094
8220,733,633,5129,5096
8224,731,629,5132,5099
8228,731,631,5134,5102
8232,733,632,5137,5104
8236,728,631,5139,5106
8240,735,628,5142,5109
8244,729,627,5144,5112
8284,731,627,5170,5137
8288,731,627,5172,5139
8292,733,626,5175,5142
8296,727,628,5177,5145
8300,734,629,5180,5147
8304,728,627,5183,5150
8332,733,630,5200,5167
8336,728,630,5203,5170
8340,733,626,5205,5173
8344,730,627,5208,5175
8348,730,631,5210,5178
8352,732,630,5213,5180
8356,727,625,5215,5183
8412,732,621,5251,5218
8416,726,623,5254,5221
8420,733,623,5256,5223
8424,727,620,5259,5226
8460,731,618,5282,5249
8464,729,616,5284,5251
8468,729,616,5287,5254
8512,730,620,5315,5282
8516,726,619,5317,5284
8520,731,617,5320,5287
8524,727,617,5323,5290
8528,729,616,5325,5292
8576,726,620,5356,5323
8580,731,619,5358,5325
8584,730,622,5361,5328
8588,728,621,5363,5330
8640,731,623,5397,5363
8644,728,625,5399,5366
8648,728,623,5402,5368
8692,731,625,5429,5396
8696,726,618,5432,5399
8700,731,620,5435,5401
8704,730,625,5437,5404
8732,729,614,5455,5422
8736,726,616,5458,5424
8740,732,619,5461,5427
8744,726,615,5463,5429
8748,727,614,5465,5432
8752,727,611,5468,5434
8756,726,611,5471,5437
8760,731,612,5473,5440
8764,725,610,5475,5442
8768,727,609,5478,5444
8772,732,611,5481,5447
8776,727,610,5483,5450
8780,733,609,5486,5452
8784,727,611,5489,5455
8788,729,610,5491,5457
8792,730,608,58796,725,8800,732,608,5499,5468804,726,607,5501,5467
8808,727,607,5504,548812,728,605,5506,5478816,726,605,5509,5475
8820,729,608,55118824,725,607,5514,5480
8828,728,607,5516,5483
8832,731,608,5519,5485
8836,727,606,5521,5488
8840,731,606,5524,54908844,728,607,5527,5493
8848,729,606,5529,5495
8852,731,605,5532,5498
8856,725,606,5534,5500
8860,731,605,5537,5503
8864,726,605,5539,5506
8868,727,605,5542,5508
8872,728,604,5544,5511
8876,726,606,5547,5513
8880,729,607,5549,5516
8884,725,605,5552,5518
8888,728,606,5555,5521
8892,731,604,5557,5523
8896,727,602,5560,5526
8900,731,606,5562,5528
8904,728,606,5565,5531
8908,729,604,5567,5533
8912,731,605,5570,5536
8916,725,608,5572,5538
8920,732,607,5575,5541
8924,726,608,5577,5543
8928,727,607,5580,5546
8932,728,607,5583,5548
8936,726,611,5585,5551
8940,729,609,5588,5554
8944,726,607,5590,5556
8948,728,611,5593,5559
8952,732,610,5595,5561
8956,727,608,5598,5564
8960,732,608,5600,5566
8964,729,610,5603,5569
8968,729,611,5605,5571
8972,731,614,5608,5574
8976,725,609,5611,5576
8980,732,609,5613,5579
8984,726,614,5615,5582
8988,727,612,5618,5584
8992,729,609,5621,5587
8996,726,613,5623,5589
9000,729,615,5626,5592
9004,725,613,5628,5594
9008,728,614,5631,5597
9012,732,613,5633,5599
9016,727,612,5636,5602
9036,725,615,5649,5614
9040,732,613,5651,5617
9044,726,613,5654,5620
9048,727,614,5656,5622
9052,728,614,5659,5625
9056,726,616,5661,5627
9060,729,613,5664,5630
9064,726,612,5666,5632
9068,728,614,5669,5635
9072,726,616,5672,5637
9076,728,615,5674,5640
9080,731,616,5677,5642
9084,726,613,5679,5645
9088,728,612,5682,5647
9092,731,613,5684,5650
9096,727,613,5687,5652
9100,733,611,5689,5655
9104,727,613,5692,5658
9108,730,614,5695,5660
9112,730,614,5697,5662
9116,725,613,5700,5665
9120,733,612,5702,5668
9124,726,612,5705,5670
9128,727,613,5707,5673
9132,728,610,5710,5675
